التاريخ,البند الرئيسي,تفاصيل,أونلاين / مصنع,المبلغ (جم),طريقة الدفع,ملاحظات,,,,,,,,,,,,,,,,,,,
25/12/01,انتقالات,٦٠ اسكوتر,مصنع,EGP 60٫00,نقدي,,,,,,,,,,,,,,,,,,,,
25/12/01,إعلانات عايدة,٢٤٥٠٠ عايدة,أونلاين,EGP 24٬500٫00,نقدي,,,,,,,,,,,,,,,,,,,,
25/12/01,إعلانات اوفر,٧٥٠٠ اوفر سايز,أونلاين,EGP 7٬500٫00,نقدي,,,,,,,,,,,,,,,,,,,,
25/12/01,ايجار اونلاين,ايجار مكتب 11 الف,أونلاين,EGP 11٬000٫00,نقدي,,,,,,,,,,,,,,,,,,,,
25/12/01,ايجار مصنع,ايجار مصنع 15 الف,مصنع,EGP 15٬000٫00,نقدي,,,,,,,,,,,,,,,,,,,,
25/12/01,مرافق اونلاين,مصاريف خدمات مكتب,أونلاين,EGP 2٬000٫00,نقدي,,,,,,,,,,,,,,,,,,,,
25/12/01,مرافق مصنع,مصاريف خدمات مصنع,مصنع,EGP 2٬000٫00,نقدي,,,,,,,,,,,,,,,,,,,,
25/12/01,حساب ريهام,٢٥ الف ريهام,مصنع,EGP 25٬000٫00,نقدي,,,,,,,,,,,,,,,,,,,,
25/12/01,مستلزمات اونلاين,٨٠٠ج فليرات,أونلاين,EGP 800٫00,نقدي,,,,,,,,,,,,,,,,,,,,
25/12/01,سلف مصنع,٥٠٠ سلفه ام هاجر,مصنع,EGP 500٫00,نقدي,,,,,,,,,,,,,,,,,,,,
25/12/01,سلف مصنع,٥٠٠ سلفه ام اسلام,مصنع,EGP 500٫00,نقدي,,,,,,,,,,,,,,,,,,,,
25/12/02,قماش,٤١ الف من حساب ميلتون,مصنع,EGP 41٬000٫00,نقدي,,,,,,,,,,,,,,,,,,,,
25/12/03,سلف مصنع,٥٠٠ عم خالد مقص,مصنع,EGP 500٫00,نقدي,,,,,,,,,,,,,,,,,,,,
25/12/02,إعلانات عايدة,اعلان عايدة 21,أونلاين,EGP 21٬000٫00,نقدي,,,,,,,,,,,,,,,,,,,,
25/12/03,إعلانات عايدة,اعلان عايدة,أونلاين,EGP 16٬000٫00,نقدي,,,,,,,,,,,,,,,,,,,,
25/12/02,إعلانات اوفر,اعلان اوفر سايز,أونلاين,EGP 8٬000٫00,نقدي,,,,,,,,,,,,,,,,,,,,
25/12/03,إعلانات اوفر,اعلان اوفر سايز,أونلاين,EGP 7٬500٫00,نقدي,,,,,,,,,,,,,,,,,,,,
25/12/04,مستلزمات تصنع,1476 خيوط,مصنع,EGP 1٬476٫00,نقدي,,,,,,,,,,,,,,,,,,,,
25/12/04,قماش,٢٨٦٠٠ قماش سمر ميلتون,مصنع,EGP 28٬600٫00,نقدي,,,,,,,,,,,,,,,,,,,,
25/12/04,إعلانات عايدة,٢٣ الف عايدة اعلانات,أونلاين,EGP 23٬000٫00,نقدي,,,,,,,,,,,,,,,,,,,,
25/12/04,إعلانات اوفر,١١ الف اوفر سايز,أونلاين,EGP 11٬000٫00,نقدي,,,,,,,,,,,,,,,,,,,,
25/12/04,اكراميات,150 مشال ٢٠٠ مشال,مصنع,EGP 350٫00,نقدي,,,,,,,,,,,,,,,,,,,,
25/12/04,سلف اونلاين,٤٠٠ سلفة رنيا,أونلاين,EGP 400٫00,نقدي,,,,,,,,,,,,,,,,,,,,
25/12/04,مرتبات مصنع,14220 مرتبات اسبوع,مصنع,EGP 14٬220٫00,نقدي,,,,,,,,,,,,,,,,,,,,
25/12/06,مستلزمات تصنع,٧٠٠ خيط,مصنع,EGP 700٫00,نقدي,,,,,,,,,,,,,,,,,,,,
25/12/06,مستلزمات تصنع,٧٥٠ استيك ٤ سم و ١ سم,مصنع,EGP 750٫00,نقدي,,,,,,,,,,,,,,,,,,,,
25/12/06,مستلزمات تصنع,٣٠٠ بكبك,مصنع,EGP 300٫00,نقدي,,,,,,,,,,,,,,,,,,,,
25/12/06,قماش,١١٤٠٠ ميلتون جيشي +٢٢٥٠ ج,مصنع,EGP 13٬650٫00,نقدي,,,,,,,,,,,,,,,,,,,,
25/12/06,إعلانات عايدة,١٩ الف عايدة,أونلاين,EGP 19٬000٫00,نقدي,,,,,,,,,,,,,,,,,,,,
25/12/06,إعلانات اوفر,٦٥٠٠ اوفر سايز,أونلاين,EGP 6٬500٫00,نقدي,,,,,,,,,,,,,,,,,,,,
25/12/06,اكراميات,٢٠٠ مشال + ٢٠٠ مشال,مصنع,EGP 400٫00,نقدي,,,,,,,,,,,,,,,,,,,,
25/12/06,سلف اونلاين,١٠٠ سلفه شهد,أونلاين,EGP 100٫00,نقدي,,,,,,,,,,,,,,,,,,,,
25/12/06,مستلزمات تصنع,١٣٢٥ مشتريات,مصنع,EGP 1٬325٫00,نقدي,,,,,,,,,,,,,,,,,,,,
25/12/06,اشتراكات اونلان,١٣٠٠ ويب,أونلاين,EGP 1٬300٫00,نقدي,,,,,,,,,,,,,,,,,,,,
25/12/06,موديل وبلوجر,٢٠٠٠ج بلوجر,أونلاين,EGP 2٬000٫00,نقدي,,,,,,,,,,,,,,,,,,,,
25/12/06,مرتبات اونلاين,١٥٠٠٠ احمد و مريم محروس,أونلاين,EGP 15٬000٫00,نقدي,,,,,,,,,,,,,,,,,,,,
25/12/06,انتقالات,٥٠ اسكوتر,مصنع,EGP 50٫00,نقدي,,,,,,,,,,,,,,,,,,,,
25/12/06,مرتبات اونلاين,مصاريف مرتبات اوفر سايز ١٧٠٥٠ج,أونلاين,EGP 17٬050٫00,نقدي,,,,,,,,,,,,,,,,,,,,
25/12/06,مرتبات اونلاين,مصاريف مرتبات عايدة ٢٥٠٠٠ الف,أونلاين,EGP 25٬000٫00,نقدي,,,,,,,,,,,,,,,,,,,,
25/12/07,قماش,٤٠٠٠ج جوخ شال,مصنع,EGP 4٬125٫00,نقدي,,,,,,,,,,,,,,,,,,,,
25/12/07,مستلزمات تصنع,٧٠٠ سوسته,مصنع,EGP 700٫00,نقدي,,,,,,,,,,,,,,,,,,,,
25/12/07,مستلزمات اونلاين,٣١٥ أكياس و شولاة,أونلاين,EGP 315٫00,نقدي,,,,,,,,,,,,,,,,,,,,
25/12/07,قماش,٤٨١٠٠ حساب ميلتون و سمر ميلتون,مصنع,EGP 48٬100٫00,نقدي,,,,,,,,,,,,,,,,,,,,
25/12/07,إعلانات عايدة,١٧٠٠٠ الف عايدة,أونلاين,EGP 17٬000٫00,نقدي,,,,,,,,,,,,,,,,,,,,
25/12/07,إعلانات اوفر,٦ أوفى سايز,أونلاين,EGP 6٬000٫00,نقدي,,,,,,,,,,,,,,,,,,,,
25/12/08,مرتبات اونلاين,١٠ الف اسامة اعلانات,أونلاين,EGP 10٬000٫00,نقدي,,,,,,,,,,,,,,,,,,,,
25/12/08,قماش,٢٨٦٥ ج فرق قماش,مصنع,EGP 2٬865٫00,نقدي,,,,,,,,,,,,,,,,,,,,
25/12/08,قماش,٢٧٨٥٠ سمر ميلتون شروال,مصنع,EGP 27٬850٫00,نقدي,,,,,,,,,,,,,,,,,,,,
25/12/08,إعلانات عايدة,٢١الف اعلانات عايدة,أونلاين,EGP 21٬000٫00,نقدي,,,,,,,,,,,,,,,,,,,,
25/12/08,إعلانات اوفر,٧٥٠٠ اوفر سايز,أونلاين,EGP 7٬500٫00,نقدي,,,,,,,,,,,,,,,,,,,,
25/12/09,مستلزمات تصنع,٤٣٠٠ بترونات,مصنع,EGP 4٬300٫00,نقدي,,,,,,,,,,,,,,,,,,,,
25/12/09,سلف مصنع,٥٠٠ سلفه ام هاجر,مصنع,EGP 500٫00,نقدي,,,,,,,,,,,,,,,,,,,,
25/12/09,سلف مصنع,٥٠٠ سلفه ام اسلام,مصنع,EGP 500٫00,نقدي,,,,,,,,,,,,,,,,,,,,
25/12/09,مستلزمات تصنع,٦٠٠ استيك رفيع,مصنع,EGP 600٫00,نقدي,,,,,,,,,,,,,,,,,,,,
25/12/09,تعاملات قانونية,٦٠٠٠ج من حساب الضرايب,مشترك,EGP 6٬000٫00,نقدي,,,,,,,,,,,,,,,,,,,,
25/12/09,سلف مصنع,عم خالد قص,مصنع,EGP 500٫00,نقدي,,,,,,,,,,,,,,,,,,,,
25/12/09,حساب ريهام,10 الف ريهام,مصنع,EGP 10٬000٫00,نقدي,,,,,,,,,,,,,,,,,,,,
25/12/09,إعلانات عايدة,٢٠ الف اعلانات عايدة,أونلاين,EGP 20٬000٫00,نقدي,,,,,,,,,,,,,,,,,,,,
25/12/09,إعلانات اوفر,٧٥٠٠ اوفر سايز,أونلاين,EGP 7٬500٫00,نقدي,,,,,,,,,,,,,,,,,,,,
25/12/09,قماش,٥٠ الف من حساب بشار,مصنع,EGP 50٬000٫00,نقدي,,,,,,,,,,,,,,,,,,,,
25/12/09,اكراميات,٢٠٠ج مشال,مصنع,EGP 200٫00,نقدي,,,,,,,,,,,,,,,,,,,,
25/12/09,موديل وبلوجر,بلوجر اوفر سايز,أونلاين,EGP 3٬000٫00,نقدي,,,,,,,,,,,,,,,,,,,,
25/12/11,إعلانات عايدة,اعلانات عايدة,أونلاين,EGP 27٬600٫00,نقدي,,,,,,,,,,,,,,,,,,,,
25/12/11,إعلانات اوفر,٦الف اوفر سايز,أونلاين,EGP 6٬000٫00,نقدي,,,,,,,,,,,,,,,,,,,,
25/12/11,انتقالات,45 اسكوتر,مصنع,EGP 45٫00,نقدي,,,,,,,,,,,,,,,,,,,,
25/12/11,سلف مصنع,200 سلفه ياسمين,مصنع,EGP 200٫00,نقدي,,,,,,,,,,,,,,,,,,,,
25/12/11,مرتبات مصنع,13640 مرتبات اسبوع,مصنع,EGP 13٬640٫00,نقدي,,,,,,,,,,,,,,,,,,,,
25/12/11,سلف اونلاين,٢٠٠ رنيا,أونلاين,EGP 200٫00,نقدي,,,,,,,,,,,,,,,,,,,,
25/12/11,انتقالات,٥٠ موصلات,مصنع,EGP 50٫00,نقدي,,,,,,,,,,,,,,,,,,,,
25/12/11,سلف مصنع,200 سلفه محمود,مصنع,EGP 200٫00,نقدي,,,,,,,,,,,,,,,,,,,,
25/12/11,اكراميات,150 مشال,مصنع,EGP 150٫00,نقدي,,,,,,,,,,,,,,,,,,,,
25/12/11,سلف اونلاين,1000 سلفه شهد,أونلاين,EGP 1٬000٫00,نقدي,,,,,,,,,,,,,,,,,,,,
25/12/13,سلف مصنع,١٠٠ سلفه هايدى,مصنع,EGP 100٫00,نقدي,,,,,,,,,,,,,,,,,,,,
25/12/13,انتقالات,٤٠ اسكوتر,مصنع,EGP 40٫00,نقدي,,,,,,,,,,,,,,,,,,,,
25/12/13,إعلانات عايدة,٤٩ الف عايدة يوم الخميس,أونلاين,EGP 49٬000٫00,نقدي,,,,,,,,,,,,,,,,,,,,
25/12/13,إعلانات اوفر,١٠ الف اوفر سايز يوم الخميس,أونلاين,EGP 10٬000٫00,نقدي,,,,,,,,,,,,,,,,,,,,
25/12/13,إعلانات عايدة,٢٦٥٠٠ عايدة,أونلاين,EGP 26٬500٫00,نقدي,,,,,,,,,,,,,,,,,,,,
25/12/13,إعلانات اوفر,٦٠٠٠ الف اوفر سايز,أونلاين,EGP 6٬000٫00,نقدي,,,,,,,,,,,,,,,,,,,,
25/12/13,اكراميات,اكرمية خدمة عملاء شركة شحن,مصنع,EGP 2٬500٫00,نقدي,,,,,,,,,,,,,,,,,,,,
25/12/13,موديل وبلوجر,بلوجر عايدة,أونلاين,EGP 3٬500٫00,نقدي,,,,,,,,,,,,,,,,,,,,
25/12/13,مستلزمات اونلاين,٢٠٠ شوالة,أونلاين,EGP 200٫00,نقدي,,,,,,,,,,,,,,,,,,,,
25/12/13,مستلزمات اونلاين,١٠٠ فليرات,أونلاين,EGP 100٫00,نقدي,,,,,,,,,,,,,,,,,,,,
25/12/13,موديل وبلوجر,باقي حساب بلوجر,أونلاين,EGP 500٫00,نقدي,,,,,,,,,,,,,,,,,,,,
25/12/14,اكراميات,٢٠٠ مشال,مصنع,EGP 200٫00,نقدي,,,,,,,,,,,,,,,,,,,,
25/12/14,مستلزمات تصنع,900 خيط,مصنع,EGP 900٫00,نقدي,,,,,,,,,,,,,,,,,,,,
25/12/14,قماش,8320 قماش ميلتون زيتي,مصنع,EGP 8٬320٫00,نقدي,,,,,,,,,,,,,,,,,,,,
25/12/14,إعلانات عايدة,٢٤ اعلانات عايدة,أونلاين,EGP 24٬000٫00,نقدي,,,,,,,,,,,,,,,,,,,,
25/12/14,إعلانات اوفر,٥٥٠٠ اعلانات اوفر سايز,أونلاين,EGP 5٬500٫00,نقدي,,,,,,,,,,,,,,,,,,,,
25/12/14,قماش,١٢٠ الف من حساب ميلتون باقي ٥٢ الف,مصنع,EGP 120٬000٫00,نقدي,,,,,,,,,,,,,,,,,,,,
25/12/14,مستلزمات اونلاين,٦٠ سلوتب,أونلاين,EGP 60٫00,نقدي,,,,,,,,,,,,,,,,,,,,
25/12/14,اكراميات,٤٠٠ مشال,مصنع,EGP 400٫00,نقدي,,,,,,,,,,,,,,,,,,,,
25/12/14,انتقالات,٤٠ اسكوتر,مصنع,EGP 40٫00,نقدي,,,,,,,,,,,,,,,,,,,,
25/12/15,مستلزمات اونلاين,٥١٧ شولاه سلوتب اكياس,أونلاين,EGP 517٫00,نقدي,,,,,,,,,,,,,,,,,,,,
25/12/15,مستلزمات تصنع,٩٠٠ كينار,مصنع,EGP 900٫00,نقدي,,,,,,,,,,,,,,,,,,,,
25/12/15,سلف مصنع,١٠٠ سلفه هشام,مصنع,EGP 100٫00,نقدي,,,,,,,,,,,,,,,,,,,,
25/12/15,سلف مصنع,١٠٠ سلفه ام اسلام,مصنع,EGP 100٫00,نقدي,,,,,,,,,,,,,,,,,,,,
25/12/15,سلف مصنع,٨٨٠ هشام تصنيع,مصنع,EGP 880٫00,نقدي,,,,,,,,,,,,,,,,,,,,
25/12/15,مرتبات اونلاين,مرتب رانيا ٢٧٨٠,أونلاين,EGP 2٬780٫00,نقدي,,,,,,,,,,,,,,,,,,,,
25/12/15,مرتبات مصنع,21375 مرتبات نص شهر,مصنع,EGP 21٬375٫00,نقدي,,,,,,,,,,,,,,,,,,,,
25/12/15,سلف مصنع,٢٠٠٠ سلفه ام منار,مصنع,EGP 2٬000٫00,نقدي,,,,,,,,,,,,,,,,,,,,
25/12/15,سلف مصنع,٥٠٠ سلفه ام هاجر,مصنع,EGP 500٫00,نقدي,,,,,,,,,,,,,,,,,,,,
25/12/15,اكراميات,١٥٠ مشال,مصنع,EGP 150٫00,نقدي,,,,,,,,,,,,,,,,,,,,
25/12/15,مرتجعات,مرتجع اوفر سايز,أونلاين,EGP 2٬600٫00,نقدي,,,,,,,,,,,,,,,,,,,,
25/12/16,مستلزمات تصنع,١٢٠٠ خيط,مصنع,EGP 1٬200٫00,نقدي,,,,,,,,,,,,,,,,,,,,
25/12/16,إعلانات عايدة,٢٨ الف عايدة,أونلاين,EGP 28٬000٫00,نقدي,,,,,,,,,,,,,,,,,,,,
25/12/16,إعلانات اوفر,٧ الف اوفر سايز,أونلاين,EGP 7٬000٫00,نقدي,,,,,,,,,,,,,,,,,,,,
25/12/16,إعلانات عايدة,٢٧ الف عايدة,أونلاين,EGP 27٬000٫00,نقدي,,,,,,,,,,,,,,,,,,,,
25/12/16,إعلانات اوفر,٩ الف اوفر سايز,أونلاين,EGP 9٬000٫00,نقدي,,,,,,,,,,,,,,,,,,,,
25/12/16,سلف مصنع,١٠٠٠ ج سلفة ام اسلام,مصنع,EGP 1٬000٫00,نقدي,,,,,,,,,,,,,,,,,,,,
25/12/16,قماش,حساب سمر ميلتون خرجي,مصنع,EGP 15٬795٫00,نقدي,,,,,,,,,,,,,,,,,,,,
25/12/16,اكراميات,٢٥٠ مشال,مصنع,EGP 250٫00,نقدي,,,,,,,,,,,,,,,,,,,,
25/12/16,انتقالات,٥٠ اسكوتر,مصنع,EGP 50٫00,نقدي,,,,,,,,,,,,,,,,,,,,
25/12/16,حساب ريهام,١٠ الف ريهام,مصنع,EGP 10٬000٫00,نقدي,,,,,,,,,,,,,,,,,,,,
25/12/17,إعلانات عايدة,٢٥ الف عايدة اعلانات,أونلاين,EGP 25٬000٫00,نقدي,,,,,,,,,,,,,,,,,,,,
25/12/17,إعلانات اوفر,٦ الف اوفر سايز,أونلاين,EGP 6٬000٫00,نقدي,,,,,,,,,,,,,,,,,,,,
25/12/17,قماش,٥٩٥٠٠ من حساب سمى ميلتون,مصنع,EGP 59٬500٫00,نقدي,,,,,,,,,,,,,,,,,,,,
25/12/18,مرتبات خارجية,٦١٠ باقي حساب هشام+200,مصنع,EGP 810٫00,نقدي,,,,,,,,,,,,,,,,,,,,
25/12/18,إعلانات عايدة,٥٨ عايدة,أونلاين,EGP 58٬000٫00,نقدي,,,,,,,,,,,,,,,,,,,,
25/12/18,إعلانات اوفر,١٠ الف اوفر سايز,أونلاين,EGP 10٬000٫00,نقدي,,,,,,,,,,,,,,,,,,,,
25/12/18,انتقالات,٥٠ اسكوتر,,EGP 50٫00,نقدي,,,,,,,,,,,,,,,,,,,,
25/12/18,مستلزمات اونلاين,150 جنيه نظافه خارجيه للمكان,,EGP 150٫00,نقدي,,,,,,,,,,,,,,,,,,,,
25/12/18,مرتبات مصنع,13570 مرتبات اسبوع,,EGP 13٬570٫00,نقدي,,,,,,,,,,,,,,,,,,,,
25/12/18,مستلزمات اونلاين,٢٥٠ منظفات مكتب,,EGP 250٫00,نقدي,,,,,,,,,,,,,,,,,,,,
25/12/18,سلف اونلاين,٣٠٠ سلفه شهد,,EGP 300٫00,نقدي,,,,,,,,,,,,,,,,,,,,
25/12/18,مستلزمات تصنع,بترونات,,EGP 900٫00,نقدي,,,,,,,,,,,,,,,,,,,,
25/12/20,مستلزمات اونلاين,٢٠٥٠ اكياس و فليرات,,EGP 2٬050٫00,نقدي,,,,,,,,,,,,,,,,,,,,
25/12/20,مستلزمات تصنع,١٠٥٠ كلفه,,EGP 1٬050٫00,نقدي,,,,,,,,,,,,,,,,,,,,
25/12/20,مرافق اونلاين,٤٥٠ فتورة نت,,EGP 450٫00,نقدي,,,,,,,,,,,,,,,,,,,,
25/12/20,اكراميات,200 مشال,,EGP 200٫00,نقدي,,,,,,,,,,,,,,,,,,,,
25/12/20,سلف مصنع,١٠٠ سلفه محمود,,EGP 100٫00,نقدي,,,,,,,,,,,,,,,,,,,,
25/12/20,سلف مصنع,٥٠ سلفه هايدى,,EGP 50٫00,نقدي,,,,,,,,,,,,,,,,,,,,
25/12/20,سلف مصنع,٥٠ سلفه سماح,,EGP 50٫00,نقدي,,,,,,,,,,,,,,,,,,,,
25/12/20,انتقالات,٥٠ اسكوتر,,EGP 50٫00,نقدي,,,,,,,,,,,,,,,,,,,,
25/12/20,سلف مصنع,٢٠٠ سلفه ام اسلام,,EGP 200٫00,نقدي,,,,,,,,,,,,,,,,,,,,
25/12/21,اشتراكات اونلان,اوفر سايز ويب 1300,,EGP 1٬300٫00,نقدي,,,,,,,,,,,,,,,,,,,,
25/12/21,اكراميات,١٥٠ مشال ٢٠٠ مشال,,EGP 350٫00,نقدي,,,,,,,,,,,,,,,,,,,,
25/12/21,مرتبات اونلاين,مرتب علياء اوفر سايز 2000,أونلاين,EGP 2٬000٫00,نقدي,,,,,,,,,,,,,,,,,,,,
25/12/21,إعلانات عايدة,٣٠ الف اعلانات عايدة,,EGP 30٬000٫00,نقدي,,,,,,,,,,,,,,,,,,,,
25/12/21,إعلانات اوفر,٦ الف اعلانات اوفر سايز,,EGP 6٬000٫00,نقدي,,,,,,,,,,,,,,,,,,,,
25/12/21,سلف اونلاين,رانيا سلفه 400,,EGP 400٫00,نقدي,,,,,,,,,,,,,,,,,,,,
25/12/21,إعلانات اوفر,١٥٠٠ اوفر سايز,,EGP 1٬500٫00,نقدي,,,,,,,,,,,,,,,,,,,,
25/12/22,مستلزمات تصنع,١٣٠٠ خيط,,EGP 1٬300٫00,نقدي,,,,,,,,,,,,,,,,,,,,
25/12/22,قماش,١٩٠٠٠ سمر ميلتون خارجي,,EGP 19٬000٫00,نقدي,,,,,,,,,,,,,,,,,,,,
25/12/22,مستلزمات تصنع,٣٠٠ ج زاراير,,EGP 300٫00,نقدي,,,,,,,,,,,,,,,,,,,,
25/12/22,قماش,45 الف من حساب سمر ميلتون الاجل,,EGP 45٬000٫00,نقدي,,,,,,,,,,,,,,,,,,,,
25/12/22,تعاملات قانونية,١٠ الف اول دفعة من حساب المحاسب القانوني الجديد,,EGP 10٬000٫00,نقدي,,,,,,,,,,,,,,,,,,,,
25/12/22,حساب ريهام,٥ الف من حساب ريهام,,EGP 5٬000٫00,نقدي,,,,,,,,,,,,,,,,,,,,
25/12/22,سلف مصنع,ام اسلام ٥٠٠,,EGP 500٫00,نقدي,,,,,,,,,,,,,,,,,,,,
25/12/22,سلف مصنع,يوسف ٣٥٠,,EGP 350٫00,نقدي,,,,,,,,,,,,,,,,,,,,
25/12/22,سلف مصنع,وياسمين ٥٠٠,,EGP 500٫00,نقدي,,,,,,,,,,,,,,,,,,,,
25/12/22,سلف مصنع,ام هاجر ٥٠٠,,EGP 500٫00,نقدي,,,,,,,,,,,,,,,,,,,,
25/12/22,إعلانات اوفر,٢٠٠٠ اعلانات اوفر سايز,,EGP 2٬000٫00,نقدي,,,,,,,,,,,,,,,,,,,,
25/12/23,مستلزمات تصنع,800 استيك,,EGP 800٫00,نقدي,,,,,,,,,,,,,,,,,,,,
25/12/23,مرتجعات,مرتجع 100,,EGP 100٫00,نقدي,,,,,,,,,,,,,,,,,,,,
25/12/23,اكراميات,٢٠٠ مشال,,EGP 200٫00,نقدي,,,,,,,,,,,,,,,,,,,,
25/12/23,مستلزمات اونلاين,١٠٠ج شوالة,,EGP 100٫00,نقدي,,,,,,,,,,,,,,,,,,,,
25/12/23,إعلانات عايدة,٢٤ الف عايدة,,EGP 24٬000٫00,نقدي,,,,,,,,,,,,,,,,,,,,
25/12/23,إعلانات اوفر,٩ الف اوفر سايز,,EGP 9٬000٫00,نقدي,,,,,,,,,,,,,,,,,,,,
25/12/24,سلف مصنع,سلفة مني 1400,,EGP 1٬400٫00,نقدي,,,,,,,,,,,,,,,,,,,,
25/12/24,اكراميات,٢٠٠ مشال,,EGP 200٫00,نقدي,,,,,,,,,,,,,,,,,,,,
25/12/24,سلف مصنع,٥٠ سلفه محمود,,EGP 50٫00,نقدي,,,,,,,,,,,,,,,,,,,,
25/12/24,إعلانات عايدة,٢٥ الف عايدة اعلانات,,EGP 25٬000٫00,نقدي,,,,,,,,,,,,,,,,,,,,
25/12/24,إعلانات اوفر,٨٥٠٠ اوفر سايز,,EGP 8٬500٫00,نقدي,,,,,,,,,,,,,,,,,,,,
25/12/24,مستلزمات تصنع,من حساب تيكت 3100,,EGP 3٬100٫00,نقدي,,,,,,,,,,,,,,,,,,,,
25/12/24,إعلانات عايدة,٣٤٠٠ باقي اعلانات عايدة,,EGP 3٬400٫00,نقدي,,,,,,,,,,,,,,,,,,,,
25/12/25,إعلانات عايدة,٤٣ الف عايدة,أونلاين,EGP 43٬000٫00,نقدي,,,,,,,,,,,,,,,,,,,,
25/12/25,إعلانات اوفر,١٣٥٠٠ اوفر سايز,أونلاين,EGP 13٬500٫00,نقدي,,,,,,,,,,,,,,,,,,,,
25/12/25,قماش,٥٠٥٧٠ الف من حساب ميلتون,مصنع,EGP 50٬570٫00,نقدي,,,,,,,,,,,,,,,,,,,,
25/12/25,موديل وبلوجر,2000 بلوجر اوفر سايز,أونلاين,EGP 2٬000٫00,نقدي,,,,,,,,,,,,,,,,,,,,
25/12/25,مرتبات مصنع,12345 مرتبات اسبوع,مصنع,EGP 12٬345٫00,نقدي,,,,,,,,,,,,,,,,,,,,
25/12/25,صيانه مصنع,٦٠٠ لمبات للمصنع,مصنع,EGP 600٫00,نقدي,,,,,,,,,,,,,,,,,,,,
25/12/25,حساب ريهام,٥٠٠٠ الف ريهام,مصنع,EGP 5٬000٫00,نقدي,,,,,,,,,,,,,,,,,,,,
25/12/25,مرتبات اونلاين,١٠ الف اسامة من شهر جديد,أونلاين,EGP 10٬000٫00,نقدي,,,,,,,,,,,,,,,,,,,,
25/12/27,قماش,٥٠ الف من حساب بشار,مصنع,EGP 50٬000٫00,نقدي,,,,,,,,,,,,,,,,,,,,
25/12/27,إعلانات عايدة,٢٤ الف عايدة,أونلاين,EGP 24٬000٫00,نقدي,,,,,,,,,,,,,,,,,,,,
25/12/27,إعلانات اوفر,١٠ الف اوفر سايز,أونلاين,EGP 10٬000٫00,نقدي,,,,,,,,,,,,,,,,,,,,
25/12/27,مستلزمات تصنع,١٦٠٠ كينار,مصنع,EGP 1٬600٫00,نقدي,,,,,,,,,,,,,,,,,,,,
25/12/27,قماش,٤٧٨٠ قماش شال,مصنع,EGP 4٬780٫00,نقدي,,,,,,,,,,,,,,,,,,,,
25/12/27,سلف اونلاين,٤٠٠ سلفه شهد,أونلاين,EGP 400٫00,نقدي,,,,,,,,,,,,,,,,,,,,
25/12/27,سلف مصنع,100 سلفه هايدى,مصنع,EGP 100٫00,نقدي,,,,,,,,,,,,,,,,,,,,
25/12/27,انتقالات,٤٥ اسكوتر,مصنع,EGP 45٫00,نقدي,,,,,,,,,,,,,,,,,,,,
25/12/27,اكراميات,400 مشال,مصنع,EGP 400٫00,نقدي,,,,,,,,,,,,,,,,,,,,
25/12/27,سلف اونلاين,رانيا سلفه ٢٠٠,أونلاين,EGP 200٫00,نقدي,,,,,,,,,,,,,,,,,,,,
25/12/27,مستلزمات اونلاين,و٢٠٠ قلم ماركر,أونلاين,EGP 200٫00,نقدي,,,,,,,,,,,,,,,,,,,,
25/12/28,إعلانات اوفر,٢٠٠٠ اوفر سايز اعلانات,أونلاين,EGP 2٬000٫00,نقدي,,,,,,,,,,,,,,,,,,,,
25/12/28,مستلزمات تصنع,900 خيط,مصنع,EGP 900٫00,نقدي,,,,,,,,,,,,,,,,,,,,
25/12/28,سلف مصنع,٢٠٠٠ سلفه محمود,مصنع,EGP 2٬000٫00,نقدي,,,,,,,,,,,,,,,,,,,,
25/12/28,سلف مصنع,١٠٠ سلفه سماح,مصنع,EGP 100٫00,نقدي,,,,,,,,,,,,,,,,,,,,
25/12/28,سلف اونلاين,١٠٠ سلفه شهد,أونلاين,EGP 100٫00,نقدي,,,,,,,,,,,,,,,,,,,,
25/12/28,سلف مصنع,١٠٠ هيدي,مصنع,EGP 100٫00,نقدي,,,,,,,,,,,,,,,,,,,,
25/12/29,إعلانات عايدة,٢٥ الف عايدة,أونلاين,EGP 25٬000٫00,نقدي,,,,,,,,,,,,,,,,,,,,
25/12/29,إعلانات اوفر,١٠ الف اوفر سايز,أونلاين,EGP 10٬000٫00,نقدي,,,,,,,,,,,,,,,,,,,,
25/12/29,اكراميات,٢٠٠ مشال,مصنع,EGP 200٫00,نقدي,,,,,,,,,,,,,,,,,,,,
25/12/29,إعلانات عايدة,٢٣٥٠٠ عايدة,أونلاين,EGP 23٬500٫00,نقدي,,,,,,,,,,,,,,,,,,,,
25/12/29,إعلانات اوفر,١٠٠٠٠ اوفر سايز,أونلاين,EGP 10٬000٫00,نقدي,,,,,,,,,,,,,,,,,,,,
25/12/29,مستلزمات اونلاين,٢٠٠ شولة,أونلاين,EGP 200٫00,نقدي,,,,,,,,,,,,,,,,,,,,
25/12/29,سلف مصنع,٥٠٠ ام منار,مصنع,EGP 500٫00,نقدي,,,,,,,,,,,,,,,,,,,,
25/12/29,سلف مصنع,٥٠٠ ام هاجر,مصنع,EGP 500٫00,نقدي,,,,,,,,,,,,,,,,,,,,
25/12/29,سلف مصنع,٥٠٠ ام اسلام,مصنع,EGP 500٫00,نقدي,,,,,,,,,,,,,,,,,,,,
25/12/29,سلف مصنع,٥٠٠ يوسف,مصنع,EGP 500٫00,نقدي,,,,,,,,,,,,,,,,,,,,
25/12/29,انتقالات,٥٠ اسكوتر,مصنع,EGP 50٫00,نقدي,,,,,,,,,,,,,,,,,,,,
25/12/30,سلف مصنع,١٠٠ سلفه ياسمين,مصنع,EGP 100٫00,نقدي,,,,,,,,,,,,,,,,,,,,
25/12/30,سلف مصنع,١٠٠ سلفه محمود,مصنع,EGP 100٫00,نقدي,,,,,,,,,,,,,,,,,,,,
25/12/30,قماش,٥٠٠٠٠ الف من حساب بشار باقي ٥٦ الف,مصنع,EGP 50٬000٫00,نقدي,,,,,,,,,,,,,,,,,,,,
25/12/30,قماش,٦٠٢٥٠ من حساب سمر ميلتون,مصنع,EGP 60٬250٫00,نقدي,,,,,,,,,,,,,,,,,,,,
25/12/30,إعلانات عايدة,٢٣٥٠٠ عايدة اعلانات,أونلاين,EGP 23٬500٫00,نقدي,,,,,,,,,,,,,,,,,,,,
25/12/30,إعلانات اوفر,٣٠٠٠ اوفر سايز,أونلاين,EGP 3٬000٫00,نقدي,,,,,,,,,,,,,,,,,,,,
25/12/30,سلف اونلاين,٥٠٠ شهد,أونلاين,EGP 500٫00,نقدي,,,,,,,,,,,,,,,,,,,,
25/12/30,سلف مصنع,٤٠٠ ياسمين,مصنع,EGP 400٫00,نقدي,,,,,,,,,,,,,,,,,,,,
25/12/31,مستلزمات تصنع,٦٠٠ خيط,مصنع,EGP 600٫00,نقدي,,,,,,,,,,,,,,,,,,,,
25/12/31,مستلزمات تصنع,٥٠٠ استيك و موذيل زيت,مصنع,EGP 500٫00,نقدي,,,,,,,,,,,,,,,,,,,,
25/12/31,مستلزمات تصنع,٣٤٠ زراير,مصنع,EGP 340٫00,نقدي,,,,,,,,,,,,,,,,,,,,
25/12/31,سلف اونلاين,٢٢٠٠ ج رنيا,أونلاين,EGP 2٬200٫00,نقدي,,,,,,,,,,,,,,,,,,,,
26/01/01,إعلانات عايدة,٢٢ الف اعلانات عايدة امبارح,أونلاين,EGP 22٬000٫00,نقدي,,,,,,,,,,,,,,,,,,,,
26/01/01,إعلانات اوفر,٦ اوفر سايز امبارح,أونلاين,EGP 6٬000٫00,نقدي,,,,,,,,,,,,,,,,,,,,
26/01/01,إعلانات عايدة,٣٩ الف اعلانات عايدة النهاردة,أونلاين,EGP 39٬000٫00,نقدي,,,,,,,,,,,,,,,,,,,,
26/01/01,إعلانات اوفر,١٦ الف أوفر سايز,أونلاين,EGP 16٬000٫00,نقدي,,,,,,,,,,,,,,,,,,,,
26/01/01,اكراميات,٢٠٠ مشال,مصنع,EGP 200٫00,نقدي,,,,,,,,,,,,,,,,,,,,
26/01/01,مستلزمات اونلاين,٥٨٠ فليرات,أونلاين,EGP 580٫00,نقدي,,,,,,,,,,,,,,,,,,,,
26/01/01,مستلزمات اونلاين,٥٦٠ اكياس,أونلاين,EGP 560٫00,نقدي,,,,,,,,,,,,,,,,,,,,
26/01/01,مرتبات مصنع,12985 مرتبات اسبوع,مصنع,EGP 12٬985٫00,نقدي,,,,,,,,,,,,,,,,,,,,
26/01/01,مرتبات اونلاين,٦٤٠ باقي مرتب رانيا,أونلاين,EGP 640٫00,نقدي,,,,,,,,,,,,,,,,,,,,
26/01/01,مستلزمات تصنع,٦٠ اظرف,مصنع,EGP 60٫00,نقدي,,,,,,,,,,,,,,,,,,,,
26/01/01,مرتبات مصنع,20770 مرتبات شهر,مصنع,EGP 20٬770٫00,نقدي,,,,,,,,,,,,,,,,,,,,
26/01/01,ايجار اونلاين,١١ الف ايجار مكتب,أونلاين,EGP 11٬000٫00,نقدي,,,,,,,,,,,,,,,,,,,,
26/01/01,ايجار مصنع,١٥ الف ايجار مصنع,مصنع,EGP 15٬000٫00,نقدي,,,,,,,,,,,,,,,,,,,,
26/01/01,مرافق مصنع,1500 كهرباء الصيانة زبالة,مصنع,EGP 1٬500٫00,نقدي,,,,,,,,,,,,,,,,,,,,
26/01/01,مرافق اونلاين,1500 كهرباء الصيانة زبالة,أونلاين,EGP 1٬500٫00,نقدي,,,,,,,,,,,,,,,,,,,,
26/01/02,حساب ريهام,20 الف ريهام,مصنع,EGP 20٬000٫00,نقدي,,,,,,,,,,,,,,,,,,,,
26/01/02,مرتبات اونلاين,١٠ الف اسامة باقي ١٠,أونلاين,EGP 10٬000٫00,نقدي,,,,,,,,,,,,,,,,,,,,
26/01/03,اكراميات,٢٠٠ مشال,مصنع,EGP 300٫00,نقدي,,,,,,,,,,,,,,,,,,,,
26/01/03,مستلزمات اونلاين,١٨٠ دراى كلين,أونلاين,EGP 180٫00,نقدي,,,,,,,,,,,,,,,,,,,,
26/01/03,مستلزمات تصنع,١٠٠ شولاه للمصنع,مصنع,EGP 100٫00,نقدي,,,,,,,,,,,,,,,,,,,,
26/01/03,مرتجعات,300 مرتجع,أونلاين,EGP 300٫00,نقدي,,,,,,,,,,,,,,,,,,,,
26/01/03,إعلانات عايدة,٢١٥٠٠ عايدة,أونلاين,EGP 21٬500٫00,نقدي,,,,,,,,,,,,,,,,,,,,
26/01/03,إعلانات اوفر,٨ الف اوفر,أونلاين,EGP 8٬000٫00,نقدي,,,,,,,,,,,,,,,,,,,,
26/01/03,إعلانات عايدة,٣ الف عايدة,أونلاين,EGP 3٬000٫00,نقدي,,,,,,,,,,,,,,,,,,,,
26/01/03,اكراميات,٢٠٠ اكرامية,مصنع,EGP 200٫00,نقدي,,,,,,,,,,,,,,,,,,,,
26/01/04,قماش,٣٠ الف من حساب سمر ميلتون,مصنع,EGP 30٬000٫00,نقدي,,,,,,,,,,,,,,,,,,,,
26/01/04,إعلانات عايدة,١٨٣٠٠ عايدة,أونلاين,EGP 18٬300٫00,نقدي,,,,,,,,,,,,,,,,,,,,
26/01/04,إعلانات اوفر,٨ الف اوفر سايز,أونلاين,EGP 8٬000٫00,نقدي,,,,,,,,,,,,,,,,,,,,
26/01/04,مستلزمات اونلاين,٩٠٠ فليرات,أونلاين,EGP 900٫00,نقدي,,,,,,,,,,,,,,,,,,,,
26/01/04,مستلزمات اونلاين,٦٦٠ اكياس,أونلاين,EGP 660٫00,نقدي,,,,,,,,,,,,,,,,,,,,
26/01/04,مرتجعات,مرتجع 2000,أونلاين,EGP 2٬000٫00,نقدي,,,,,,,,,,,,,,,,,,,,
26/01/04,اكراميات,400 مشال,مصنع,EGP 400٫00,نقدي,,,,,,,,,,,,,,,,,,,,
26/01/04,انتقالات,٦٠ اسكوتر,مصنع,EGP 60٫00,نقدي,,,,,,,,,,,,,,,,,,,,
26/01/05,مستلزمات اونلاين,٦٠٠ ادوات تصوير,أونلاين,EGP 600٫00,نقدي,,,,,,,,,,,,,,,,,,,,
26/01/05,إعلانات عايدة,٢٤٥٠٠ عايدة,أونلاين,EGP 24٬500٫00,نقدي,,,,,,,,,,,,,,,,,,,,
26/01/05,إعلانات اوفر,٨٠٠٠ اوفر سايز,أونلاين,EGP 8٬000٫00,نقدي,,,,,,,,,,,,,,,,,,,,
26/01/05,مرتبات اونلاين,١٨ الف مرتبات اوفر سايز,أونلاين,EGP 18٬000٫00,نقدي,,,,,,,,,,,,,,,,,,,,
26/01/05,مرتجعات,١١٨٠ مرتجع,أونلاين,EGP 1٬180٫00,نقدي,,,,,,,,,,,,,,,,,,,,
26/01/05,اشتراكات اونلان,١.٥ من حساب ويب سايت عايدة,أونلاين,EGP 1٬500٫00,نقدي,,,,,,,,,,,,,,,,,,,,
26/01/05,مرتبات اونلاين,١٦ الف من حساب احمد و مريم ويب,أونلاين,EGP 16٬000٫00,نقدي,,,,,,,,,,,,,,,,,,,,
26/01/05,مرتبات اونلاين,٢٥ الف مرتبات عايدة,أونلاين,EGP 25٬000٫00,نقدي,,,,,,,,,,,,,,,,,,,,
26/01/05,سلف مصنع,٥٠٠ ام هاجر,مصنع,EGP 500٫00,نقدي,,,,,,,,,,,,,,,,,,,,
26/01/05,سلف مصنع,١٠٠٠ ام اسلام,مصنع,EGP 1٬000٫00,نقدي,,,,,,,,,,,,,,,,,,,,
26/01/06,إعلانات عايدة,٨٠١٠ اعلانات عايدة,أونلاين,EGP 8٬010٫00,نقدي,,,,,,,,,,,,,,,,,,,,
26/01/06,مستلزمات تصنع,375 سوست,مصنع,EGP 375٫00,نقدي,,,,,,,,,,,,,,,,,,,,
26/01/06,مستلزمات تصنع,185 كلف,مصنع,EGP 185٫00,نقدي,,,,,,,,,,,,,,,,,,,,
26/01/06,اكراميات,400 مشال,مصنع,EGP 400٫00,نقدي,,,,,,,,,,,,,,,,,,,,
26/01/06,مستلزمات اونلاين,٦٠ سلوتيب,أونلاين,EGP 60٫00,نقدي,,,,,,,,,,,,,,,,,,,,
26/01/06,سلف مصنع,200 سلفه هايدى,مصنع,EGP 200٫00,نقدي,,,,,,,,,,,,,,,,,,,,
26/01/07,إعلانات عايدة,٣٢ عايدة,أونلاين,EGP 32٬000٫00,نقدي,,,,,,,,,,,,,,,,,,,,
26/01/07,إعلانات اوفر,٧ اوفر سايز,أونلاين,EGP 7٬000٫00,نقدي,,,,,,,,,,,,,,,,,,,,
26/01/07,سلف اونلاين,١٠٠ سلفه شهد,أونلاين,EGP 100٫00,نقدي,,,,,,,,,,,,,,,,,,,,
26/01/07,إعلانات عايدة,٢٥ الف عايدة اعلانات,أونلاين,EGP 25٬000٫00,نقدي,,,,,,,,,,,,,,,,,,,,
26/01/07,إعلانات اوفر,٦ الف اوفر سايز,أونلاين,EGP 6٬000٫00,نقدي,,,,,,,,,,,,,,,,,,,,
26/01/07,حساب ريهام,٢٠ الف من حساب ريهام,مصنع,EGP 20٬000٫00,نقدي,,,,,,,,,,,,,,,,,,,,
26/01/08,مستلزمات تصنع,٦١٠٠ كلفة,مصنع,EGP 6٬100٫00,نقدي,,,,,,,,,,,,,,,,,,,,
26/01/08,إعلانات عايدة,٤٦ الف اعلانات عايدة,أونلاين,EGP 46٬000٫00,نقدي,,,,,,,,,,,,,,,,,,,,
26/01/08,إعلانات اوفر,١٢ الف اوفر سايز,أونلاين,EGP 12٬000٫00,نقدي,,,,,,,,,,,,,,,,,,,,
26/01/08,مرتبات مصنع,14385 مرتبات اسبوع,مصنع,EGP 14٬385٫00,نقدي,,,,,,,,,,,,,,,,,,,,
26/01/08,اكراميات,٢٠٠ مشال,مصنع,EGP 200٫00,نقدي,,,,,,,,,,,,,,,,,,,,
26/01/09,مرتبات اونلاين,١٠ الف اسامة,أونلاين,EGP 10٬000٫00,نقدي,,,,,,,,,,,,,,,,,,,,
26/01/10,سلف مصنع,٢٠٠ سلفه محمود,مصنع,EGP 200٫00,نقدي,,,,,,,,,,,,,,,,,,,,
26/01/10,إعلانات عايدة,١٦٥٠٠ عايدة,أونلاين,EGP 16٬500٫00,نقدي,,,,,,,,,,,,,,,,,,,,
26/01/10,إعلانات اوفر,٦٧٠٠ اوقر,أونلاين,EGP 6٬700٫00,نقدي,,,,,,,,,,,,,,,,,,,,
26/01/10,مستلزمات اونلاين,400 فليرات,أونلاين,EGP 400٫00,نقدي,,,,,,,,,,,,,,,,,,,,
26/01/10,سلف مصنع,٥٠٠ ام اسلام,مصنع,EGP 500٫00,نقدي,,,,,,,,,,,,,,,,,,,,
26/01/10,سلف اونلاين,١٠٠٠ شهد,أونلاين,EGP 1٬000٫00,نقدي,,,,,,,,,,,,,,,,,,,,
26/01/10,إعلانات عايدة,٢٦ الف عايدة,أونلاين,EGP 26٬000٫00,نقدي,,,,,,,,,,,,,,,,,,,,
26/01/10,إعلانات اوفر,٦٠٠٠ اوفر,أونلاين,EGP 6٬000٫00,نقدي,,,,,,,,,,,,,,,,,,,,
26/01/10,انتقالات,40 اسكوتر,مصنع,EGP 40٫00,نقدي,,,,,,,,,,,,,,,,,,,,
26/01/10,مستلزمات تصنع,بترون ٩٠٠ + ٢٩٠٠ج,مصنع,EGP 3٬800٫00,نقدي,,,,,,,,,,,,,,,,,,,,
26/01/12,سلف مصنع,1000 سلفه ام منار,مصنع,EGP 1٬000٫00,نقدي,,,,,,,,,,,,,,,,,,,,
26/01/12,سلف مصنع,500 سلفه ام هاجر,مصنع,EGP 500٫00,نقدي,,,,,,,,,,,,,,,,,,,,
26/01/12,قماش,١٠٠ الف من حساب ميلتون,مصنع,EGP 100٬000٫00,نقدي,,,,,,,,,,,,,,,,,,,,
26/01/12,إعلانات عايدة,٢٦٧٠٠ عايدة,أونلاين,EGP 26٬700٫00,نقدي,,,,,,,,,,,,,,,,,,,,
26/01/12,إعلانات اوفر,٧٥٠٠ اوفر سايز,أونلاين,EGP 7٬500٫00,نقدي,,,,,,,,,,,,,,,,,,,,
26/01/12,اكراميات,٢٠٠ مشال,مصنع,EGP 200٫00,نقدي,,,,,,,,,,,,,,,,,,,,
26/01/12,سلف مصنع,٢٠٠ رنيا سلفة,مصنع,EGP 200٫00,نقدي,,,,,,,,,,,,,,,,,,,,
26/01/13,انتقالات,٤٠ اسكوتر,مصنع,EGP 40٫00,نقدي,,,,,,,,,,,,,,,,,,,,
26/01/13,قماش,19000 بشار,مصنع,EGP 19٬000٫00,نقدي,,,,,,,,,,,,,,,,,,,,
26/01/13,إعلانات عايدة,٢٣ عايدة اعلانات,أونلاين,EGP 23٬000٫00,نقدي,,,,,,,,,,,,,,,,,,,,
26/01/13,إعلانات اوفر,٨٥٠٠ اوفر,أونلاين,EGP 8٬500٫00,نقدي,,,,,,,,,,,,,,,,,,,,
26/01/13,انتقالات,٥٠ اسكوتر,مصنع,EGP 50٫00,نقدي,,,,,,,,,,,,,,,,,,,,
26/01/13,سلف مصنع,٢٠٠ سلفه ياسمين,مصنع,EGP 200٫00,نقدي,,,,,,,,,,,,,,,,,,,,
26/01/14,سلف مصنع,٥٠ سلفه هايدى,مصنع,EGP 50٫00,نقدي,,,,,,,,,,,,,,,,,,,,
26/01/14,اكراميات,٢٠٠ مشال,مصنع,EGP 200٫00,نقدي,,,,,,,,,,,,,,,,,,,,
26/01/14,انتقالات,٤٥ اسكوتر,مصنع,EGP 45٫00,نقدي,,,,,,,,,,,,,,,,,,,,
26/01/14,مستلزمات تصنع,١٢٥٠ استيك,مصنع,EGP 1٬250٫00,نقدي,,,,,,,,,,,,,,,,,,,,
26/01/14,إعلانات عايدة,٢٣ الف عايدة,أونلاين,EGP 23٬000٫00,نقدي,,,,,,,,,,,,,,,,,,,,
26/01/14,إعلانات اوفر,٩ الف اوفر,أونلاين,EGP 9٬000٫00,نقدي,,,,,,,,,,,,,,,,,,,,
26/01/15,مستلزمات تصنع,٩٠٠ خيط,مصنع,EGP 900٫00,نقدي,,,,,,,,,,,,,,,,,,,,
26/01/15,مستلزمات اونلاين,٧٠٠ شولاة و سلفان و سلوتب,أونلاين,EGP 700٫00,نقدي,,,,,,,,,,,,,,,,,,,,
26/01/15,مرتبات مصنع,10610 مرتبات اسبوع,مصنع,EGP 10٬610٫00,نقدي,,,,,,,,,,,,,,,,,,,,
26/01/15,مرتبات اونلاين,2725 مرتب رانيا,أونلاين,EGP 2٬725٫00,نقدي,,,,,,,,,,,,,,,,,,,,
26/01/15,مرتبات مصنع,20380 مرتبات شهر,مصنع,EGP 20٬380٫00,نقدي,,,,,,,,,,,,,,,,,,,,
26/01/15,انتقالات,40 اسكوتر,مصنع,EGP 40٫00,نقدي,,,,,,,,,,,,,,,,,,,,
26/01/15,إعلانات اوفر,١٥ الف اعلانات اوفر سايز,أونلاين,EGP 15٬000٫00,نقدي,,,,,,,,,,,,,,,,,,,,
26/01/15,سلف مصنع,٢٠٠٠ سلفة محمود,مصنع,EGP 2٬000٫00,نقدي,,,,,,,,,,,,,,,,,,,,
26/01/16,إعلانات عايدة,٤٠٠٠ اعلانات عايدة,أونلاين,EGP 4٬000٫00,نقدي,,,,,,,,,,,,,,,,,,,,
26/01/17,إعلانات اوفر,٢٤٥٠ أوفر,أونلاين,EGP 2٬450٫00,نقدي,,,,,,,,,,,,,,,,,,,,
26/01/17,إعلانات عايدة,٢٧ الف اعلانات,أونلاين,EGP 27٬000٫00,نقدي,,,,,,,,,,,,,,,,,,,,
26/01/18,مرتجعات,مرتجع 480,أونلاين,EGP 480٫00,نقدي,,,,,,,,,,,,,,,,,,,,
26/01/18,مستلزمات اونلاين,٧٨٠ فليرات,أونلاين,EGP 780٫00,نقدي,,,,,,,,,,,,,,,,,,,,
26/01/18,انتقالات,٥٠ اسكوتر,مصنع,EGP 50٫00,نقدي,,,,,,,,,,,,,,,,,,,,
26/01/18,إعلانات اوفر,١٥٣٠٠ اوفر سايز,أونلاين,EGP 15٬300٫00,نقدي,,,,,,,,,,,,,,,,,,,,
26/01/18,إعلانات عايدة,٤٨٠٠ عايدة,أونلاين,EGP 4٬800٫00,نقدي,,,,,,,,,,,,,,,,,,,,
26/01/19,مرافق اونلاين,٤٥٥ نت مكتب,أونلاين,EGP 455٫00,نقدي,,,,,,,,,,,,,,,,,,,,
26/01/19,قماش,٢٠ الف من حساب بشار,مصنع,EGP 20٬000٫00,نقدي,,,,,,,,,,,,,,,,,,,,
26/01/19,إعلانات اوفر,١٣ الف اوفر سايز,أونلاين,EGP 13٬000٫00,نقدي,,,,,,,,,,,,,,,,,,,,
26/01/19,إعلانات عايدة,١٠ الف عايدة,أونلاين,EGP 10٬000٫00,نقدي,,,,,,,,,,,,,,,,,,,,
26/01/19,اكراميات,400 مشال,مصنع,EGP 400٫00,نقدي,,,,,,,,,,,,,,,,,,,,
26/01/19,سلف مصنع,٥٠٠ سلفه ام هاجر,مصنع,EGP 500٫00,نقدي,,,,,,,,,,,,,,,,,,,,
26/01/19,سلف مصنع,٥٠٠ سلفه ام منار,مصنع,EGP 500٫00,نقدي,,,,,,,,,,,,,,,,,,,,
26/01/19,اشتراكات اونلان,1300 ويب اوفر سايز,أونلاين,EGP 1٬300٫00,نقدي,,,,,,,,,,,,,,,,,,,,
26/01/19,مرتجعات,مرتجع 250,أونلاين,EGP 250٫00,نقدي,,,,,,,,,,,,,,,,,,,,
26/01/19,قماش,1220 قماش عينات,مصنع,EGP 1٬220٫00,نقدي,,,,,,,,,,,,,,,,,,,,
26/01/19,سلف مصنع,200 سلفه محمود,مصنع,EGP 200٫00,نقدي,,,,,,,,,,,,,,,,,,,,
26/01/20,مستلزمات تصنع,5500 كلف,مصنع,EGP 5٬500٫00,نقدي,,,,,,,,,,,,,,,,,,,,
26/01/20,مستلزمات تصنع,٧٥ سوست,مصنع,EGP 75٫00,نقدي,,,,,,,,,,,,,,,,,,,,
26/01/21,إعلانات عايدة,١٤.٥ الف عايدة,أونلاين,EGP 14٬500٫00,نقدي,,,,,,,,,,,,,,,,,,,,
26/01/21,إعلانات اوفر,١١ الف اوفر سايز,أونلاين,EGP 11٬000٫00,نقدي,,,,,,,,,,,,,,,,,,,,
26/01/21,حساب ريهام,١٠ الف ريهام,مصنع,EGP 10٬000٫00,نقدي,,,,,,,,,,,,,,,,,,,,
26/01/21,إعلانات عايدة,٧ الف عايدة,أونلاين,EGP 7٬000٫00,نقدي,,,,,,,,,,,,,,,,,,,,
26/01/21,إعلانات اوفر,٧ الف اوفر,أونلاين,EGP 7٬000٫00,نقدي,,,,,,,,,,,,,,,,,,,,
26/01/21,موديل وبلوجر,٣٠٠٠ج تصوير,أونلاين,EGP 3٬000٫00,نقدي,,,,,,,,,,,,,,,,,,,,
26/01/22,مرتبات مصنع,14255 مرتبات اسبوع,مصنع,EGP 14٬255٫00,نقدي,,,,,,,,,,,,,,,,,,,,
26/01/22,إعلانات اوفر,١٨ الف اوفر سايز,أونلاين,EGP 18٬000٫00,نقدي,,,,,,,,,,,,,,,,,,,,
26/01/22,إعلانات عايدة,٢٧.٣ الف عايدة,أونلاين,EGP 27٬300٫00,نقدي,,,,,,,,,,,,,,,,,,,,
26/01/23,إعلانات عايدة,٧٨٠٠ عايدة,أونلاين,EGP 7٬800٫00,نقدي,,,,,,,,,,,,,,,,,,,,
26/01/24,مستلزمات تصنع,١٠ جنيه ابر خياطه,مصنع,EGP 10٫00,نقدي,,,,,,,,,,,,,,,,,,,,
26/01/24,انتقالات,٦٠ اسكوتر,مصنع,EGP 60٫00,نقدي,,,,,,,,,,,,,,,,,,,,
26/01/24,سلف اونلاين,٢٠٠ رنيا,أونلاين,EGP 200٫00,نقدي,,,,,,,,,,,,,,,,,,,,
26/01/24,سلف اونلاين,٦٠٠ شهد,أونلاين,EGP 600٫00,نقدي,,,,,,,,,,,,,,,,,,,,
26/01/24,قماش,١٦٤٠٠ قماش الازهر,مصنع,EGP 16٬400٫00,نقدي,,,,,,,,,,,,,,,,,,,,
26/01/24,إعلانات عايدة,٢٨.٤٠٠ عايدة,أونلاين,EGP 28٬400٫00,نقدي,,,,,,,,,,,,,,,,,,,,
26/01/24,إعلانات اوفر,٧.٥ اوفر,أونلاين,EGP 7٬500٫00,نقدي,,,,,,,,,,,,,,,,,,,,
26/01/25,قماش,٢٧ الف من حساب سمر ميلتون باقي ٥٠ الف,مصنع,EGP 27٬000٫00,نقدي,,,,,,,,,,,,,,,,,,,,
26/01/25,إعلانات عايدة,١١٥٠٠ عايدة,أونلاين,EGP 11٬500٫00,نقدي,,,,,,,,,,,,,,,,,,,,
26/01/25,إعلانات اوفر,٨٥٠٠ اوفر سايز,أونلاين,EGP 8٬500٫00,نقدي,,,,,,,,,,,,,,,,,,,,
26/01/25,مستلزمات اونلاين,٢٥٠ شوالة,أونلاين,EGP 250٫00,نقدي,,,,,,,,,,,,,,,,,,,,
26/01/25,سلف مصنع,٢٠٠ سلفه ام اسلام,مصنع,EGP 200٫00,نقدي,,,,,,,,,,,,,,,,,,,,
26/01/25,سلف مصنع,١٠٠ سلفه محمود,مصنع,EGP 100٫00,نقدي,,,,,,,,,,,,,,,,,,,,
26/01/25,مرتبات اونلاين,١٠ الف اسامة اونلاين من شهر جديدة,أونلاين,EGP 10٬000٫00,نقدي,,,,,,,,,,,,,,,,,,,,
26/01/25,مستلزمات تصنع,٣٠٠ بترون عينه,مصنع,EGP 300٫00,نقدي,,,,,,,,,,,,,,,,,,,,
26/01/26,اكراميات,٢٠٠ مشال,مصنع,EGP 200٫00,نقدي,,,,,,,,,,,,,,,,,,,,
26/01/26,مستلزمات اونلاين,٨٠ ادوات نظافه,أونلاين,EGP 80٫00,نقدي,,,,,,,,,,,,,,,,,,,,
26/01/26,انتقالات,٦٠ اسكوتر,مصنع,EGP 60٫00,نقدي,,,,,,,,,,,,,,,,,,,,
26/01/26,إعلانات عايدة,13550 اعلانات عايده,أونلاين,EGP 13٬550٫00,نقدي,,,,,,,,,,,,,,,,,,,,
26/01/26,إعلانات اوفر,١٢٠٠٠ اوفر سايز,أونلاين,EGP 12٬000٫00,نقدي,,,,,,,,,,,,,,,,,,,,
26/01/26,قماش,٨٠ الف قماش,مصنع,EGP 80٬000٫00,نقدي,,,,,,,,,,,,,,,,,,,,
26/01/26,سلف اونلاين,1000 سلفة مني,أونلاين,EGP 1٬000٫00,نقدي,,,,,,,,,,,,,,,,,,,,
26/01/27,مستلزمات تصنع,٢٠٠ مسنات للمقص,مصنع,EGP 200٫00,نقدي,,,,,,,,,,,,,,,,,,,,
26/01/27,مستلزمات اونلاين,645 اكياس تغليف,أونلاين,EGP 645٫00,نقدي,,,,,,,,,,,,,,,,,,,,
26/01/27,سلف مصنع,300 سلفه يوسف,مصنع,EGP 300٫00,نقدي,,,,,,,,,,,,,,,,,,,,
26/01/27,سلف مصنع,500 سلفه ام هاجر,مصنع,EGP 500٫00,نقدي,,,,,,,,,,,,,,,,,,,,
26/01/27,سلف اونلاين,رانيا سلفه ٢٠٠,أونلاين,EGP 200٫00,نقدي,,,,,,,,,,,,,,,,,,,,
26/01/27,مرتجعات,115 مرتجع,أونلاين,EGP 115٫00,نقدي,,,,,,,,,,,,,,,,,,,,
26/01/28,إعلانات عايدة,١٤ الف عايدة امس,أونلاين,EGP 14٬000٫00,نقدي,,,,,,,,,,,,,,,,,,,,
26/01/28,إعلانات اوفر,١٢ اوفر سايز امس,أونلاين,EGP 12٬000٫00,نقدي,,,,,,,,,,,,,,,,,,,,
26/01/28,إعلانات عايدة,١٤ الف عايدة اعلانات,أونلاين,EGP 14٬000٫00,نقدي,,,,,,,,,,,,,,,,,,,,
26/01/28,إعلانات اوفر,٩ آلاف أوفر,أونلاين,EGP 9٬000٫00,نقدي,,,,,,,,,,,,,,,,,,,,
26/01/28,سلف مصنع,٥٠ سلفه هايدى,مصنع,EGP 50٫00,نقدي,,,,,,,,,,,,,,,,,,,,
26/01/28,اكراميات,٢٠٠ مشال,مصنع,EGP 200٫00,نقدي,,,,,,,,,,,,,,,,,,,,
26/01/28,سلف مصنع,٣٠٠ ام اسلام,مصنع,EGP 300٫00,نقدي,,,,,,,,,,,,,,,,,,,,
26/01/28,قماش,٩٥٠٠ قماش,مصنع,EGP 9٬500٫00,نقدي,,,,,,,,,,,,,,,,,,,,
26/01/29,مستلزمات تصنع,٢٨٦ ادوات مكن,مصنع,EGP 286٫00,نقدي,,,,,,,,,,,,,,,,,,,,
26/01/29,موديل وبلوجر,بلوجر عايدة ٨٥٠٠ج,أونلاين,EGP 8٬500٫00,نقدي,,,,,,,,,,,,,,,,,,,,
26/01/29,مرتبات مصنع,14055 مرتبات اسبوع,مصنع,EGP 14٬055٫00,نقدي,,,,,,,,,,,,,,,,,,,,
26/01/29,سلف مصنع,100 سلفه سماح,مصنع,EGP 100٫00,نقدي,,,,,,,,,,,,,,,,,,,,
26/01/29,سلف مصنع,١٠٠ سلفه هايدي,مصنع,EGP 100٫00,نقدي,,,,,,,,,,,,,,,,,,,,
26/01/29,مستلزمات اونلاين,٢٠٠ مكتب,أونلاين,EGP 200٫00,نقدي,,,,,,,,,,,,,,,,,,,,
26/01/29,سلف اونلاين,٢٠٠ شهد,أونلاين,EGP 200٫00,نقدي,,,,,,,,,,,,,,,,,,,,
26/01/29,إعلانات عايدة,٢٧.٥ الف عايدة,أونلاين,EGP 27٬500٫00,نقدي,,,,,,,,,,,,,,,,,,,,
26/01/29,إعلانات اوفر,١٧ الف اوفر سايز,أونلاين,EGP 17٬000٫00,نقدي,,,,,,,,,,,,,,,,,,,,
26/01/29,مرتبات اونلاين,١٠ الف اسامة من شهر جديد و باقي ١٠ الف,أونلاين,EGP 10٬000٫00,نقدي,,,,,,,,,,,,,,,,,,,,
26/01/29,إعلانات عايدة,٣ الف اعلانات عايدة,أونلاين,EGP 3٬000٫00,نقدي,,,,,,,,,,,,,,,,,,,,
26/01/31,مرتبات مصنع,14540 مرتبات شهر,مصنع,EGP 14٬540٫00,نقدي,,,,,,,,,,,,,,,,,,,,
26/01/31,مرتبات اونلاين,2570 مرتب رانيا,أونلاين,EGP 2٬570٫00,نقدي,,,,,,,,,,,,,,,,,,,,
26/01/31,إعلانات عايدة,١٤٥٠٠ عايدة,أونلاين,EGP 14٬500٫00,نقدي,,,,,,,,,,,,,,,,,,,,
26/01/31,إعلانات اوفر,٤٠٠٠ أوفر سايز,أونلاين,EGP 4٬000٫00,نقدي,,,,,,,,,,,,,,,,,,,,
26/01/31,اشتراكات اونلان,1300 ويب عايدة,أونلاين,EGP 1٬300٫00,نقدي,,,,,,,,,,,,,,,,,,,,
26/02/01,قماش,٢٣٧٥ قماش ستان,مصنع,EGP 2٬375٫00,نقدي,,,,,,,,,,,,,,,,,,,,
26/02/01,مستلزمات تصنع,٤٩٠ كلف,مصنع,EGP 490٫00,نقدي,,,,,,,,,,,,,,,,,,,,
26/02/01,اكراميات,200 مشال,مصنع,EGP 200٫00,نقدي,,,,,,,,,,,,,,,,,,,,
26/02/01,انتقالات,45 اسكوتر,مصنع,EGP 45٫00,نقدي,,,,,,,,,,,,,,,,,,,,
26/02/01,سلف مصنع,١٠٠٠ج ام اسلام,مصنع,EGP 1٬000٫00,نقدي,,,,,,,,,,,,,,,,,,,,
26/02/02,مستلزمات تصنع,٦٠٠ خيط,مصنع,EGP 600٫00,نقدي,,,,,,,,,,,,,,,,,,,,
26/02/02,إعلانات عايدة,١٤ الف عايده,أونلاين,EGP 14٬000٫00,نقدي,,,,,,,,,,,,,,,,,,,,
,,,,,,,,,,,,,,,,,,,,,,,,,
,,,,,,,,,,,,,,,,,,,,,,,,,
,,,,,,,,,,,,,,,,,,,,,,,,,
,,,,,,,,,,,,,,,,,,,,,,,,,
,,,,,,,,,,,,,,,,,,,,,,,,,
,,,,,,,,,,,,,,,,,,,,,,,,,
,,,,,,,,,,,,,,,,,,,,,,,,,
,,,,,,,,,,,,,,,,,,,,,,,,,
,,,,,,,,,,,,,,,,,,,,,,,,,
,,,,,,,,,,,,,,,,,,,,,,,,,
,,,,,,,,,,,,,,,,,,,,,,,,,
,,,,,,,,,,,,,,,,,,,,,,,,,
,,,,,,,,,,,,,,,,,,,,,,,,,
,,,,,,,,,,,,,,,,,,,,,,,,,
,,,,,,,,,,,,,,,,,,,,,,,,,
,,,,,,,,,,,,,,,,,,,,,,,,,
,,,,,,,,,,,,,,,,,,,,,,,,,
,,,,,,,,,,,,,,,,,,,,,,,,,
,,,,,,,,,,,,,,,,,,,,,,,,,
,,,,,,,,,,,,,,,,,,,,,,,,,
,,,,,,,,,,,,,,,,,,,,,,,,,
,,,,,,,,,,,,,,,,,,,,,,,,,
,,,,,,,,,,,,,,,,,,,,,,,,,
,,,,,,,,,,,,,,,,,,,,,,,,,
,,,,,,,,,,,,,,,,,,,,,,,,,
,,,,,,,,,,,,,,,,,,,,,,,,,
,,,,,,,,,,,,,,,,,,,,,,,,,
,,,,,,,,,,,,,,,,,,,,,,,,,
,,,,,,,,,,,,,,,,,,,,,,,,,
,,,,,,,,,,,,,,,,,,,,,,,,,
,,,,,,,,,,,,,,,,,,,,,,,,,
,,,,,,,,,,,,,,,,,,,,,,,,,
,,,,,,,,,,,,,,,,,,,,,,,,,
,,,,,,,,,,,,,,,,,,,,,,,,,
,,,,,,,,,,,,,,,,,,,,,,,,,
,,,,,,,,,,,,,,,,,,,,,,,,,
,,,,,,,,,,,,,,,,,,,,,,,,,
,,,,,,,,,,,,,,,,,,,,,,,,,
,,,,,,,,,,,,,,,,,,,,,,,,,
,,,,,,,,,,,,,,,,,,,,,,,,,
,,,,,,,,,,,,,,,,,,,,,,,,,
,,,,,,,,,,,,,,,,,,,,,,,,,
,,,,,,,,,,,,,,,,,,,,,,,,,
,,,,,,,,,,,,,,,,,,,,,,,,,
,,,,,,,,,,,,,,,,,,,,,,,,,
,,,,,,,,,,,,,,,,,,,,,,,,,
,,,,,,,,,,,,,,,,,,,,,,,,,
,,,,,,,,,,,,,,,,,,,,,,,,,
,,,,,,,,,,,,,,,,,,,,,,,,,
,,,,,,,,,,,,,,,,,,,,,,,,,
,,,,,,,,,,,,,,,,,,,,,,,,,
,,,,,,,,,,,,,,,,,,,,,,,,,
,,,,,,,,,,,,,,,,,,,,,,,,,
,,,,,,,,,,,,,,,,,,,,,,,,,
,,,,,,,,,,,,,,,,,,,,,,,,,
,,,,,,,,,,,,,,,,,,,,,,,,,
,,,,,,,,,,,,,,,,,,,,,,,,,
,,,,,,,,,,,,,,,,,,,,,,,,,
,,,,,,,,,,,,,,,,,,,,,,,,,
,,,,,,,,,,,,,,,,,,,,,,,,,
,,,,,,,,,,,,,,,,,,,,,,,,,
,,,,,,,,,,,,,,,,,,,,,,,,,
,,,,,,,,,,,,,,,,,,,,,,,,,
,,,,,,,,,,,,,,,,,,,,,,,,,
,,,,,,,,,,,,,,,,,,,,,,,,,
,,,,,,,,,,,,,,,,,,,,,,,,,
,,,,,,,,,,,,,,,,,,,,,,,,,
,,,,,,,,,,,,,,,,,,,,,,,,,
,,,,,,,,,,,,,,,,,,,,,,,,,
,,,,,,,,,,,,,,,,,,,,,,,,,
,,,,,,,,,,,,,,,,,,,,,,,,,
,,,,,,,,,,,,,,,,,,,,,,,,,
,,,,,,,,,,,,,,,,,,,,,,,,,
,,,,,,,,,,,,,,,,,,,,,,,,,
,,,,,,,,,,,,,,,,,,,,,,,,,
,,,,,,,,,,,,,,,,,,,,,,,,,
,,,,,,,,,,,,,,,,,,,,,,,,,
,,,,,,,,,,,,,,,,,,,,,,,,,
,,,,,,,,,,,,,,,,,,,,,,,,,
,,,,,,,,,,,,,,,,,,,,,,,,,
,,,,,,,,,,,,,,,,,,,,,,,,,
,,,,,,,,,,,,,,,,,,,,,,,,,
,,,,,,,,,,,,,,,,,,,,,,,,,
,,,,,,,,,,,,,,,,,,,,,,,,,
,,,,,,,,,,,,,,,,,,,,,,,,,
,,,,,,,,,,,,,,,,,,,,,,,,,
,,,,,,,,,,,,,,,,,,,,,,,,,
,,,,,,,,,,,,,,,,,,,,,,,,,
,,,,,,,,,,,,,,,,,,,,,,,,,
,,,,,,,,,,,,,,,,,,,,,,,,,
,,,,,,,,,,,,,,,,,,,,,,,,,
,,,,,,,,,,,,,,,,,,,,,,,,,
,,,,,,,,,,,,,,,,,,,,,,,,,
,,,,,,,,,,,,,,,,,,,,,,,,,
,,,,,,,,,,,,,,,,,,,,,,,,,
,,,,,,,,,,,,,,,,,,,,,,,,,
,,,,,,,,,,,,,,,,,,,,,,,,,
,,,,,,,,,,,,,,,,,,,,,,,,,
,,,,,,,,,,,,,,,,,,,,,,,,,
,,,,,,,,,,,,,,,,,,,,,,,,,
,,,,,,,,,,,,,,,,,,,,,,,,,
,,,,,,,,,,,,,,,,,,,,,,,,,
,,,,,,,,,,,,,,,,,,,,,,,,,
,,,,,,,,,,,,,,,,,,,,,,,,,
,,,,,,,,,,,,,,,,,,,,,,,,,
,,,,,,,,,,,,,,,,,,,,,,,,,
,,,,,,,,,,,,,,,,,,,,,,,,,
,,,,,,,,,,,,,,,,,,,,,,,,,
,,,,,,,,,,,,,,,,,,,,,,,,,
,,,,,,,,,,,,,,,,,,,,,,,,,
,,,,,,,,,,,,,,,,,,,,,,,,,
,,,,,,,,,,,,,,,,,,,,,,,,,
,,,,,,,,,,,,,,,,,,,,,,,,,
,,,,,,,,,,,,,,,,,,,,,,,,,
,,,,,,,,,,,,,,,,,,,,,,,,,
,,,,,,,,,,,,,,,,,,,,,,,,,
,,,,,,,,,,,,,,,,,,,,,,,,,
,,,,,,,,,,,,,,,,,,,,,,,,,
,,,,,,,,,,,,,,,,,,,,,,,,,
,,,,,,,,,,,,,,,,,,,,,,,,,
,,,,,,,,,,,,,,,,,,,,,,,,,
,,,,,,,,,,,,,,,,,,,,,,,,,
,,,,,,,,,,,,,,,,,,,,,,,,,
,,,,,,,,,,,,,,,,,,,,,,,,,
,,,,,,,,,,,,,,,,,,,,,,,,,
,,,,,,,,,,,,,,,,,,,,,,,,,
,,,,,,,,,,,,,,,,,,,,,,,,,
,,,,,,,,,,,,,,,,,,,,,,,,,
,,,,,,,,,,,,,,,,,,,,,,,,,
,,,,,,,,,,,,,,,,,,,,,,,,,
,,,,,,,,,,,,,,,,,,,,,,,,,
,,,,,,,,,,,,,,,,,,,,,,,,,
,,,,,,,,,,,,,,,,,,,,,,,,,
,,,,,,,,,,,,,,,,,,,,,,,,,
,,,,,,,,,,,,,,,,,,,,,,,,,
,,,,,,,,,,,,,,,,,,,,,,,,,
,,,,,,,,,,,,,,,,,,,,,,,,,
,,,,,,,,,,,,,,,,,,,,,,,,,
,,,,,,,,,,,,,,,,,,,,,,,,,
,,,,,,,,,,,,,,,,,,,,,,,,,
,,,,,,,,,,,,,,,,,,,,,,,,,
,,,,,,,,,,,,,,,,,,,,,,,,,
,,,,,,,,,,,,,,,,,,,,,,,,,
,,,,,,,,,,,,,,,,,,,,,,,,,
,,,,,,,,,,,,,,,,,,,,,,,,,
,,,,,,,,,,,,,,,,,,,,,,,,,
,,,,,,,,,,,,,,,,,,,,,,,,,
,,,,,,,,,,,,,,,,,,,,,,,,,
,,,,,,,,,,,,,,,,,,,,,,,,,
,,,,,,,,,,,,,,,,,,,,,,,,,
,,,,,,,,,,,,,,,,,,,,,,,,,
,,,,,,,,,,,,,,,,,,,,,,,,,
,,,,,,,,,,,,,,,,,,,,,,,,,
,,,,,,,,,,,,,,,,,,,,,,,,,
,,,,,,,,,,,,,,,,,,,,,,,,,
,,,,,,,,,,,,,,,,,,,,,,,,,
,,,,,,,,,,,,,,,,,,,,,,,,,
,,,,,,,,,,,,,,,,,,,,,,,,,
,,,,,,,,,,,,,,,,,,,,,,,,,
,,,,,,,,,,,,,,,,,,,,,,,,,
,,,,,,,,,,,,,,,,,,,,,,,,,
,,,,,,,,,,,,,,,,,,,,,,,,,
,,,,,,,,,,,,,,,,,,,,,,,,,
,,,,,,,,,,,,,,,,,,,,,,,,,
,,,,,,,,,,,,,,,,,,,,,,,,,
,,,,,,,,,,,,,,,,,,,,,,,,,
,,,,,,,,,,,,,,,,,,,,,,,,,
,,,,,,,,,,,,,,,,,,,,,,,,,
,,,,,,,,,,,,,,,,,,,,,,,,,
,,,,,,,,,,,,,,,,,,,,,,,,,
,,,,,,,,,,,,,,,,,,,,,,,,,
,,,,,,,,,,,,,,,,,,,,,,,,,
,,,,,,,,,,,,,,,,,,,,,,,,,
,,,,,,,,,,,,,,,,,,,,,,,,,
,,,,,,,,,,,,,,,,,,,,,,,,,
,,,,,,,,,,,,,,,,,,,,,,,,,
,,,,,,,,,,,,,,,,,,,,,,,,,
,,,,,,,,,,,,,,,,,,,,,,,,,
,,,,,,,,,,,,,,,,,,,,,,,,,
,,,,,,,,,,,,,,,,,,,,,,,,,
,,,,,,,,,,,,,,,,,,,,,,,,,
,,,,,,,,,,,,,,,,,,,,,,,,,
,,,,,,,,,,,,,,,,,,,,,,,,,
,,,,,,,,,,,,,,,,,,,,,,,,,
,,,,,,,,,,,,,,,,,,,,,,,,,
,,,,,,,,,,,,,,,,,,,,,,,,,
,,,,,,,,,,,,,,,,,,,,,,,,,
,,,,,,,,,,,,,,,,,,,,,,,,,
,,,,,,,,,,,,,,,,,,,,,,,,,
,,,,,,,,,,,,,,,,,,,,,,,,,
,,,,,,,,,,,,,,,,,,,,,,,,,
,,,,,,,,,,,,,,,,,,,,,,,,,
,,,,,,,,,,,,,,,,,,,,,,,,,
,,,,,,,,,,,,,,,,,,,,,,,,,
,,,,,,,,,,,,,,,,,,,,,,,,,
,,,,,,,,,,,,,,,,,,,,,,,,,
,,,,,,,,,,,,,,,,,,,,,,,,,
,,,,,,,,,,,,,,,,,,,,,,,,,
,,,,,,,,,,,,,,,,,,,,,,,,,
,,,,,,,,,,,,,,,,,,,,,,,,,
,,,,,,,,,,,,,,,,,,,,,,,,,
,,,,,,,,,,,,,,,,,,,,,,,,,
,,,,,,,,,,,,,,,,,,,,,,,,,
,,,,,,,,,,,,,,,,,,,,,,,,,
,,,,,,,,,,,,,,,,,,,,,,,,,
,,,,,,,,,,,,,,,,,,,,,,,,,
,,,,,,,,,,,,,,,,,,,,,,,,,
,,,,,,,,,,,,,,,,,,,,,,,,,
,,,,,,,,,,,,,,,,,,,,,,,,,
,,,,,,,,,,,,,,,,,,,,,,,,,
,,,,,,,,,,,,,,,,,,,,,,,,,
,,,,,,,,,,,,,,,,,,,,,,,,,
,,,,,,,,,,,,,,,,,,,,,,,,,
,,,,,,,,,,,,,,,,,,,,,,,,,
,,,,,,,,,,,,,,,,,,,,,,,,,
,,,,,,,,,,,,,,,,,,,,,,,,,
,,,,,,,,,,,,,,,,,,,,,,,,,
,,,,,,,,,,,,,,,,,,,,,,,,,
,,,,,,,,,,,,,,,,,,,,,,,,,
,,,,,,,,,,,,,,,,,,,,,,,,,
,,,,,,,,,,,,,,,,,,,,,,,,,
,,,,,,,,,,,,,,,,,,,,,,,,,
,,,,,,,,,,,,,,,,,,,,,,,,,
,,,,,,,,,,,,,,,,,,,,,,,,,
,,,,,,,,,,,,,,,,,,,,,,,,,
,,,,,,,,,,,,,,,,,,,,,,,,,
,,,,,,,,,,,,,,,,,,,,,,,,,
,,,,,,,,,,,,,,,,,,,,,,,,,
,,,,,,,,,,,,,,,,,,,,,,,,,
,,,,,,,,,,,,,,,,,,,,,,,,,
,,,,,,,,,,,,,,,,,,,,,,,,,
,,,,,,,,,,,,,,,,,,,,,,,,,
,,,,,,,,,,,,,,,,,,,,,,,,,
,,,,,,,,,,,,,,,,,,,,,,,,,
,,,,,,,,,,,,,,,,,,,,,,,,,
,,,,,,,,,,,,,,,,,,,,,,,,,
,,,,,,,,,,,,,,,,,,,,,,,,,
,,,,,,,,,,,,,,,,,,,,,,,,,
,,,,,,,,,,,,,,,,,,,,,,,,,
,,,,,,,,,,,,,,,,,,,,,,,,,
,,,,,,,,,,,,,,,,,,,,,,,,,
,,,,,,,,,,,,,,,,,,,,,,,,,
,,,,,,,,,,,,,,,,,,,,,,,,,
,,,,,,,,,,,,,,,,,,,,,,,,,
,,,,,,,,,,,,,,,,,,,,,,,,,
,,,,,,,,,,,,,,,,,,,,,,,,,
,,,,,,,,,,,,,,,,,,,,,,,,,
,,,,,,,,,,,,,,,,,,,,,,,,,
,,,,,,,,,,,,,,,,,,,,,,,,,
,,,,,,,,,,,,,,,,,,,,,,,,,
,,,,,,,,,,,,,,,,,,,,,,,,,
,,,,,,,,,,,,,,,,,,,,,,,,,
,,,,,,,,,,,,,,,,,,,,,,,,,
,,,,,,,,,,,,,,,,,,,,,,,,,
,,,,,,,,,,,,,,,,,,,,,,,,,
,,,,,,,,,,,,,,,,,,,,,,,,,
,,,,,,,,,,,,,,,,,,,,,,,,,
,,,,,,,,,,,,,,,,,,,,,,,,,
,,,,,,,,,,,,,,,,,,,,,,,,,
,,,,,,,,,,,,,,,,,,,,,,,,,
,,,,,,,,,,,,,,,,,,,,,,,,,
,,,,,,,,,,,,,,,,,,,,,,,,,
,,,,,,,,,,,,,,,,,,,,,,,,,
,,,,,,,,,,,,,,,,,,,,,,,,,
,,,,,,,,,,,,,,,,,,,,,,,,,
,,,,,,,,,,,,,,,,,,,,,,,,,
,,,,,,,,,,,,,,,,,,,,,,,,,
,,,,,,,,,,,,,,,,,,,,,,,,,
,,,,,,,,,,,,,,,,,,,,,,,,,
,,,,,,,,,,,,,,,,,,,,,,,,,
,,,,,,,,,,,,,,,,,,,,,,,,,
,,,,,,,,,,,,,,,,,,,,,,,,,
,,,,,,,,,,,,,,,,,,,,,,,,,
,,,,,,,,,,,,,,,,,,,,,,,,,
,,,,,,,,,,,,,,,,,,,,,,,,,
,,,,,,,,,,,,,,,,,,,,,,,,,
,,,,,,,,,,,,,,,,,,,,,,,,,
,,,,,,,,,,,,,,,,,,,,,,,,,
,,,,,,,,,,,,,,,,,,,,,,,,,
,,,,,,,,,,,,,,,,,,,,,,,,,
,,,,,,,,,,,,,,,,,,,,,,,,,
,,,,,,,,,,,,,,,,,,,,,,,,,
,,,,,,,,,,,,,,,,,,,,,,,,,
,,,,,,,,,,,,,,,,,,,,,,,,,
,,,,,,,,,,,,,,,,,,,,,,,,,
,,,,,,,,,,,,,,,,,,,,,,,,,
,,,,,,,,,,,,,,,,,,,,,,,,,
,,,,,,,,,,,,,,,,,,,,,,,,,
,,,,,,,,,,,,,,,,,,,,,,,,,
,,,,,,,,,,,,,,,,,,,,,,,,,
,,,,,,,,,,,,,,,,,,,,,,,,,
,,,,,,,,,,,,,,,,,,,,,,,,,
,,,,,,,,,,,,,,,,,,,,,,,,,
,,,,,,,,,,,,,,,,,,,,,,,,,
,,,,,,,,,,,,,,,,,,,,,,,,,
,,,,,,,,,,,,,,,,,,,,,,,,,
,,,,,,,,,,,,,,,,,,,,,,,,,
,,,,,,,,,,,,,,,,,,,,,,,,,
,,,,,,,,,,,,,,,,,,,,,,,,,
,,,,,,,,,,,,,,,,,,,,,,,,,
,,,,,,,,,,,,,,,,,,,,,,,,,
,,,,,,,,,,,,,,,,,,,,,,,,,
,,,,,,,,,,,,,,,,,,,,,,,,,
,,,,,,,,,,,,,,,,,,,,,,,,,
,,,,,,,,,,,,,,,,,,,,,,,,,
,,,,,,,,,,,,,,,,,,,,,,,,,
,,,,,,,,,,,,,,,,,,,,,,,,,
,,,,,,,,,,,,,,,,,,,,,,,,,
,,,,,,,,,,,,,,,,,,,,,,,,,
,,,,,,,,,,,,,,,,,,,,,,,,,
,,,,,,,,,,,,,,,,,,,,,,,,,
,,,,,,,,,,,,,,,,,,,,,,,,,
,,,,,,,,,,,,,,,,,,,,,,,,,
,,,,,,,,,,,,,,,,,,,,,,,,,
,,,,,,,,,,,,,,,,,,,,,,,,,
,,,,,,,,,,,,,,,,,,,,,,,,,
,,,,,,,,,,,,,,,,,,,,,,,,,
,,,,,,,,,,,,,,,,,,,,,,,,,
,,,,,,,,,,,,,,,,,,,,,,,,,
,,,,,,,,,,,,,,,,,,,,,,,,,
,,,,,,,,,,,,,,,,,,,,,,,,,
,,,,,,,,,,,,,,,,,,,,,,,,,
,,,,,,,,,,,,,,,,,,,,,,,,,
,,,,,,,,,,,,,,,,,,,,,,,,,
,,,,,,,,,,,,,,,,,,,,,,,,,
,,,,,,,,,,,,,,,,,,,,,,,,,
,,,,,,,,,,,,,,,,,,,,,,,,,
,,,,,,,,,,,,,,,,,,,,,,,,,
,,,,,,,,,,,,,,,,,,,,,,,,,
,,,,,,,,,,,,,,,,,,,,,,,,,
,,,,,,,,,,,,,,,,,,,,,,,,,
,,,,,,,,,,,,,,,,,,,,,,,,,
,,,,,,,,,,,,,,,,,,,,,,,,,
,,,,,,,,,,,,,,,,,,,,,,,,,
,,,,,,,,,,,,,,,,,,,,,,,,,
,,,,,,,,,,,,,,,,,,,,,,,,,
,,,,,,,,,,,,,,,,,,,,,,,,,
,,,,,,,,,,,,,,,,,,,,,,,,,
,,,,,,,,,,,,,,,,,,,,,,,,,
,,,,,,,,,,,,,,,,,,,,,,,,,
,,,,,,,,,,,,,,,,,,,,,,,,,
,,,,,,,,,,,,,,,,,,,,,,,,,
,,,,,,,,,,,,,,,,,,,,,,,,,
,,,,,,,,,,,,,,,,,,,,,,,,,
,,,,,,,,,,,,,,,,,,,,,,,,,
,,,,,,,,,,,,,,,,,,,,,,,,,
,,,,,,,,,,,,,,,,,,,,,,,,,
,,,,,,,,,,,,,,,,,,,,,,,,,
,,,,,,,,,,,,,,,,,,,,,,,,,
,,,,,,,,,,,,,,,,,,,,,,,,,
,,,,,,,,,,,,,,,,,,,,,,,,,
,,,,,,,,,,,,,,,,,,,,,,,,,
,,,,,,,,,,,,,,,,,,,,,,,,,
,,,,,,,,,,,,,,,,,,,,,,,,,
,,,,,,,,,,,,,,,,,,,,,,,,,
,,,,,,,,,,,,,,,,,,,,,,,,,
,,,,,,,,,,,,,,,,,,,,,,,,,
,,,,,,,,,,,,,,,,,,,,,,,,,
,,,,,,,,,,,,,,,,,,,,,,,,,
,,,,,,,,,,,,,,,,,,,,,,,,,
,,,,,,,,,,,,,,,,,,,,,,,,,
,,,,,,,,,,,,,,,,,,,,,,,,,
,,,,,,,,,,,,,,,,,,,,,,,,,
,,,,,,,,,,,,,,,,,,,,,,,,,
,,,,,,,,,,,,,,,,,,,,,,,,,
,,,,,,,,,,,,,,,,,,,,,,,,,
,,,,,,,,,,,,,,,,,,,,,,,,,
,,,,,,,,,,,,,,,,,,,,,,,,,
,,,,,,,,,,,,,,,,,,,,,,,,,
,,,,,,,,,,,,,,,,,,,,,,,,,
,,,,,,,,,,,,,,,,,,,,,,,,,
,,,,,,,,,,,,,,,,,,,,,,,,,
,,,,,,,,,,,,,,,,,,,,,,,,,
,,,,,,,,,,,,,,,,,,,,,,,,,
,,,,,,,,,,,,,,,,,,,,,,,,,
,,,,,,,,,,,,,,,,,,,,,,,,,
,,,,,,,,,,,,,,,,,,,,,,,,,
,,,,,,,,,,,,,,,,,,,,,,,,,
,,,,,,,,,,,,,,,,,,,,,,,,,
,,,,,,,,,,,,,,,,,,,,,,,,,
,,,,,,,,,,,,,,,,,,,,,,,,,
,,,,,,,,,,,,,,,,,,,,,,,,,
,,,,,,,,,,,,,,,,,,,,,,,,,
,,,,,,,,,,,,,,,,,,,,,,,,,
,,,,,,,,,,,,,,,,,,,,,,,,,
,,,,,,,,,,,,,,,,,,,,,,,,,
,,,,,,,,,,,,,,,,,,,,,,,,,
,,,,,,,,,,,,,,,,,,,,,,,,,
,,,,,,,,,,,,,,,,,,,,,,,,,
,,,,,,,,,,,,,,,,,,,,,,,,,
,,,,,,,,,,,,,,,,,,,,,,,,,
,,,,,,,,,,,,,,,,,,,,,,,,,
,,,,,,,,,,,,,,,,,,,,,,,,,
,,,,,,,,,,,,,,,,,,,,,,,,,
,,,,,,,,,,,,,,,,,,,,,,,,,
,,,,,,,,,,,,,,,,,,,,,,,,,
,,,,,,,,,,,,,,,,,,,,,,,,,
,,,,,,,,,,,,,,,,,,,,,,,,,
,,,,,,,,,,,,,,,,,,,,,,,,,
,,,,,,,,,,,,,,,,,,,,,,,,,
,,,,,,,,,,,,,,,,,,,,,,,,,
,,,,,,,,,,,,,,,,,,,,,,,,,
,,,,,,,,,,,,,,,,,,,,,,,,,
,,,,,,,,,,,,,,,,,,,,,,,,,
,,,,,,,,,,,,,,,,,,,,,,,,,
,,,,,,,,,,,,,,,,,,,,,,,,,
,,,,,,,,,,,,,,,,,,,,,,,,,
,,,,,,,,,,,,,,,,,,,,,,,,,
,,,,,,,,,,,,,,,,,,,,,,,,,
,,,,,,,,,,,,,,,,,,,,,,,,,
,,,,,,,,,,,,,,,,,,,,,,,,,
,,,,,,,,,,,,,,,,,,,,,,,,,
,,,,,,,,,,,,,,,,,,,,,,,,,
,,,,,,,,,,,,,,,,,,,,,,,,,
,,,,,,,,,,,,,,,,,,,,,,,,,
,,,,,,,,,,,,,,,,,,,,,,,,,
,,,,,,,,,,,,,,,,,,,,,,,,,
,,,,,,,,,,,,,,,,,,,,,,,,,
,,,,,,,,,,,,,,,,,,,,,,,,,
,,,,,,,,,,,,,,,,,,,,,,,,,
,,,,,,,,,,,,,,,,,,,,,,,,,
,,,,,,,,,,,,,,,,,,,,,,,,,
,,,,,,,,,,,,,,,,,,,,,,,,,
,,,,,,,,,,,,,,,,,,,,,,,,,
,,,,,,,,,,,,,,,,,,,,,,,,,
,,,,,,,,,,,,,,,,,,,,,,,,,
,,,,,,,,,,,,,,,,,,,,,,,,,
,,,,,,,,,,,,,,,,,,,,,,,,,
,,,,,,,,,,,,,,,,,,,,,,,,,
,,,,,,,,,,,,,,,,,,,,,,,,,
,,,,,,,,,,,,,,,,,,,,,,,,,
,,,,,,,,,,,,,,,,,,,,,,,,,
,,,,,,,,,,,,,,,,,,,,,,,,,
,,,,,,,,,,,,,,,,,,,,,,,,,
,,,,,,,,,,,,,,,,,,,,,,,,,
,,,,,,,,,,,,,,,,,,,,,,,,,
,,,,,,,,,,,,,,,,,,,,,,,,,
,,,,,,,,,,,,,,,,,,,,,,,,,
,,,,,,,,,,,,,,,,,,,,,,,,,
,,,,,,,,,,,,,,,,,,,,,,,,,
,,,,,,,,,,,,,,,,,,,,,,,,,
,,,,,,,,,,,,,,,,,,,,,,,,,
,,,,,,,,,,,,,,,,,,,,,,,,,
,,,,,,,,,,,,,,,,,,,,,,,,,
,,,,,,,,,,,,,,,,,,,,,,,,,
,,,,,,,,,,,,,,,,,,,,,,,,,
,,,,,,,,,,,,,,,,,,,,,,,,,
,,,,,,,,,,,,,,,,,,,,,,,,,
,,,,,,,,,,,,,,,,,,,,,,,,,
,,,,,,,,,,,,,,,,,,,,,,,,,
,,,,,,,,,,,,,,,,,,,,,,,,,
,,,,,,,,,,,,,,,,,,,,,,,,,
,,,,,,,,,,,,,,,,,,,,,,,,,
,,,,,,,,,,,,,,,,,,,,,,,,,
,,,,,,,,,,,,,,,,,,,,,,,,,
,,,,,,,,,,,,,,,,,,,,,,,,,
,,,,,,,,,,,,,,,,,,,,,,,,,
,,,,,,,,,,,,,,,,,,,,,,,,,
,,,,,,,,,,,,,,,,,,,,,,,,,
,,,,,,,,,,,,,,,,,,,,,,,,,
,,,,,,,,,,,,,,,,,,,,,,,,,
,,,,,,,,,,,,,,,,,,,,,,,,,
,,,,,,,,,,,,,,,,,,,,,,,,,
,,,,,,,,,,,,,,,,,,,,,,,,,
,,,,,,,,,,,,,,,,,,,,,,,,,
,,,,,,,,,,,,,,,,,,,,,,,,,
,,,,,,,,,,,,,,,,,,,,,,,,,
,,,,,,,,,,,,,,,,,,,,,,,,,
,,,,,,,,,,,,,,,,,,,,,,,,,
,,,,,,,,,,,,,,,,,,,,,,,,,
,,,,,,,,,,,,,,,,,,,,,,,,,
,,,,,,,,,,,,,,,,,,,,,,,,,
,,,,,,,,,,,,,,,,,,,,,,,,,
,,,,,,,,,,,,,,,,,,,,,,,,,
,,,,,,,,,,,,,,,,,,,,,,,,,
,,,,,,,,,,,,,,,,,,,,,,,,,
,,,,,,,,,,,,,,,,,,,,,,,,,
,,,,,,,,,,,,,,,,,,,,,,,,,
,,,,,,,,,,,,,,,,,,,,,,,,,
,,,,,,,,,,,,,,,,,,,,,,,,,
,,,,,,,,,,,,,,,,,,,,,,,,,
,,,,,,,,,,,,,,,,,,,,,,,,,
,,,,,,,,,,,,,,,,,,,,,,,,,
,,,,,,,,,,,,,,,,,,,,,,,,,
,,,,,,,,,,,,,,,,,,,,,,,,,
,,,,,,,,,,,,,,,,,,,,,,,,,
,,,,,,,,,,,,,,,,,,,,,,,,,
,,,,,,,,,,,,,,,,,,,,,,,,,
,,,,,,,,,,,,,,,,,,,,,,,,,
,,,,,,,,,,,,,,,,,,,,,,,,,
,,,,,,,,,,,,,,,,,,,,,,,,,
,,,,,,,,,,,,,,,,,,,,,,,,,
,,,,,,,,,,,,,,,,,,,,,,,,,
,,,,,,,,,,,,,,,,,,,,,,,,,
,,,,,,,,,,,,,,,,,,,,,,,,,
,,,,,,,,,,,,,,,,,,,,,,,,,
,,,,,,,,,,,,,,,,,,,,,,,,,
,,,,,,,,,,,,,,,,,,,,,,,,,
,,,,,,,,,,,,,,,,,,,,,,,,,
,,,,,,,,,,,,,,,,,,,,,,,,,
,,,,,,,,,,,,,,,,,,,,,,,,,
,,,,,,,,,,,,,,,,,,,,,,,,,
,,,,,,,,,,,,,,,,,,,,,,,,,
,,,,,,,,,,,,,,,,,,,,,,,,,
,,,,,,,,,,,,,,,,,,,,,,,,,
,,,,,,,,,,,,,,,,,,,,,,,,,
,,,,,,,,,,,,,,,,,,,,,,,,,
,,,,,,,,,,,,,,,,,,,,,,,,,
,,,,,,,,,,,,,,,,,,,,,,,,,
,,,,,,,,,,,,,,,,,,,,,,,,,
,,,,,,,,,,,,,,,,,,,,,,,,,
,,,,,,,,,,,,,,,,,,,,,,,,,
,,,,,,,,,,,,,,,,,,,,,,,,,
,,,,,,,,,,,,,,,,,,,,,,,,,
,,,,,,,,,,,,,,,,,,,,,,,,,
,,,,,,,,,,,,,,,,,,,,,,,,,
,,,,,,,,,,,,,,,,,,,,,,,,,
,,,,,,,,,,,,,,,,,,,,,,,,,
,,,,,,,,,,,,,,,,,,,,,,,,,
,,,,,,,,,,,,,,,,,,,,,,,,,
,,,,,,,,,,,,,,,,,,,,,,,,,
,,,,,,,,,,,,,,,,,,,,,,,,,
,,,,,,,,,,,,,,,,,,,,,,,,,
,,,,,,,,,,,,,,,,,,,,,,,,,
,,,,,,,,,,,,,,,,,,,,,,,,,
,,,,,,,,,,,,,,,,,,,,,,,,,
,,,,,,,,,,,,,,,,,,,,,,,,,
,,,,,,,,,,,,,,,,,,,,,,,,,
,,,,,,,,,,,,,,,,,,,,,,,,,
,,,,,,,,,,,,,,,,,,,,,,,,,
,,,,,,,,,,,,,,,,,,,,,,,,,
,,,,,,,,,,,,,,,,,,,,,,,,,
,,,,,,,,,,,,,,,,,,,,,,,,,
,,,,,,,,,,,,,,,,,,,,,,,,,
,,,,,,,,,,,,,,,,,,,,,,,,,
,,,,,,,,,,,,,,,,,,,,,,,,,
,,,,,,,,,,,,,,,,,,,,,,,,,
,,,,,,,,,,,,,,,,,,,,,,,,,
,,,,,,,,,,,,,,,,,,,,,,,,,
,,,,,,,,,,,,,,,,,,,,,,,,,
,,,,,,,,,,,,,,,,,,,,,,,,,
,,,,,,,,,,,,,,,,,,,,,,,,,
,,,,,,,,,,,,,,,,,,,,,,,,,
,,,,,,,,,,,,,,,,,,,,,,,,,
,,,,,,,,,,,,,,,,,,,,,,,,,
,,,,,,,,,,,,,,,,,,,,,,,,,
,,,,,,,,,,,,,,,,,,,,,,,,,
,,,,,,,,,,,,,,,,,,,,,,,,,
,,,,,,,,,,,,,,,,,,,,,,,,,
,,,,,,,,,,,,,,,,,,,,,,,,,
,,,,,,,,,,,,,,,,,,,,,,,,,
,,,,,,,,,,,,,,,,,,,,,,,,,
,,,,,,,,,,,,,,,,,,,,,,,,,
,,,,,,,,,,,,,,,,,,,,,,,,,
,,,,,,,,,,,,,,,,,,,,,,,,,
,,,,,,,,,,,,,,,,,,,,,,,,,
,,,,,,,,,,,,,,,,,,,,,,,,,
,,,,,,,,,,,,,,,,,,,,,,,,,
,,,,,,,,,,,,,,,,,,,,,,,,,
,,,,,,,,,,,,,,,,,,,,,,,,,
,,,,,,,,,,,,,,,,,,,,,,,,,
,,,,,,,,,,,,,,,,,,,,,,,,,
,,,,,,,,,,,,,,,,,,,,,,,,,
,,,,,,,,,,,,,,,,,,,,,,,,,
,,,,,,,,,,,,,,,,,,,,,,,,,
,,,,,,,,,,,,,,,,,,,,,,,,,
,,,,,,,,,,,,,,,,,,,,,,,,,
,,,,,,,,,,,,,,,,,,,,,,,,,
,,,,,,,,,,,,,,,,,,,,,,,,,
,,,,,,,,,,,,,,,,,,,,,,,,,
,,,,,,,,,,,,,,,,,,,,,,,,,
,,,,,,,,,,,,,,,,,,,,,,,,,
,,,,,,,,,,,,,,,,,,,,,,,,,
,,,,,,,,,,,,,,,,,,,,,,,,,
,,,,,,,,,,,,,,,,,,,,,,,,,
,,,,,,,,,,,,,,,,,,,,,,,,,
,,,,,,,,,,,,,,,,,,,,,,,,,
,,,,,,,,,,,,,,,,,,,,,,,,,
,,,,,,,,,,,,,,,,,,,,,,,,,
,,,,,,,,,,,,,,,,,,,,,,,,,
,,,,,,,,,,,,,,,,,,,,,,,,,
,,,,,,,,,,,,,,,,,,,,,,,,,
,,,,,,,,,,,,,,,,,,,,,,,,,
,,,,,,,,,,,,,,,,,,,,,,,,,
,,,,,,,,,,,,,,,,,,,,,,,,,
,,,,,,,,,,,,,,,,,,,,,,,,,
,,,,,,,,,,,,,,,,,,,,,,,,,
,,,,,,,,,,,,,,,,,,,,,,,,,
,,,,,,,,,,,,,,,,,,,,,,,,,
,,,,,,,,,,,,,,,,,,,,,,,,,
,,,,,,,,,,,,,,,,,,,,,,,,,
,,,,,,,,,,,,,,,,,,,,,,,,,
,,,,,,,,,,,,,,,,,,,,,,,,,
,,,,,,,,,,,,,,,,,,,,,,,,,
,,,,,,,,,,,,,,,,,,,,,,,,,
,,,,,,,,,,,,,,,,,,,,,,,,,
,,,,,,,,,,,,,,,,,,,,,,,,,
,,,,,,,,,,,,,,,,,,,,,,,,,
,,,,,,,,,,,,,,,,,,,,,,,,,
,,,,,,,,,,,,,,,,,,,,,,,,,
,,,,,,,,,,,,,,,,,,,,,,,,,
,,,,,,,,,,,,,,,,,,,,,,,,,
,,,,,,,,,,,,,,,,,,,,,,,,,
,,,,,,,,,,,,,,,,,,,,,,,,,
,,,,,,,,,,,,,,,,,,,,,,,,,
,,,,,,,,,,,,,,,,,,,,,,,,,
,,,,,,,,,,,,,,,,,,,,,,,,,
,,,,,,,,,,,,,,,,,,,,,,,,,
,,,,,,,,,,,,,,,,,,,,,,,,,
,,,,,,,,,,,,,,,,,,,,,,,,,
,,,,,,,,,,,,,,,,,,,,,,,,,
,,,,,,,,,,,,,,,,,,,,,,,,,
,,,,,,,,,,,,,,,,,,,,,,,,,
,,,,,,,,,,,,,,,,,,,,,,,,,
,,,,,,,,,,,,,,,,,,,,,,,,,
,,,,,,,,,,,,,,,,,,,,,,,,,
,,,,,,,,,,,,,,,,,,,,,,,,,
,,,,,,,,,,,,,,,,,,,,,,,,,
,,,,,,,,,,,,,,,,,,,,,,,,,
,,,,,,,,,,,,,,,,,,,,,,,,,
,,,,,,,,,,,,,,,,,,,,,,,,,
,,,,,,,,,,,,,,,,,,,,,,,,,
,,,,,,,,,,,,,,,,,,,,,,,,,
,,,,,,,,,,,,,,,,,,,,,,,,,
,,,,,,,,,,,,,,,,,,,,,,,,,
,,,,,,,,,,,,,,,,,,,,,,,,,
,,,,,,,,,,,,,,,,,,,,,,,,,
,,,,,,,,,,,,,,,,,,,,,,,,,
,,,,,,,,,,,,,,,,,,,,,,,,,
,,,,,,,,,,,,,,,,,,,,,,,,,
,,,,,,,,,,,,,,,,,,,,,,,,,
,,,,,,,,,,,,,,,,,,,,,,,,,
,,,,,,,,,,,,,,,,,,,,,,,,,
,,,,,,,,,,,,,,,,,,,,,,,,,
,,,,,,,,,,,,,,,,,,,,,,,,,
,,,,,,,,,,,,,,,,,,,,,,,,,
,,,,,,,,,,,,,,,,,,,,,,,,,
,,,,,,,,,,,,,,,,,,,,,,,,,
,,,,,,,,,,,,,,,,,,,,,,,,,
,,,,,,,,,,,,,,,,,,,,,,,,,
,,,,,,,,,,,,,,,,,,,,,,,,,
,,,,,,,,,,,,,,,,,,,,,,,,,
,,,,,,,,,,,,,,,,,,,,,,,,,
,,,,,,,,,,,,,,,,,,,,,,,,,
,,,,,,,,,,,,,,,,,,,,,,,,,
,,,,,,,,,,,,,,,,,,,,,,,,,
,,,,,,,,,,,,,,,,,,,,,,,,,
,,,,,,,,,,,,,,,,,,,,,,,,,
,,,,,,,,,,,,,,,,,,,,,,,,,
,,,,,,,,,,,,,,,,,,,,,,,,,
,,,,,,,,,,,,,,,,,,,,,,,,,
,,,,,,,,,,,,,,,,,,,,,,,,,
,,,,,,,,,,,,,,,,,,,,,,,,,
,,,,,,,,,,,,,,,,,,,,,,,,,
,,,,,,,,,,,,,,,,,,,,,,,,,
,,,,,,,,,,,,,,,,,,,,,,,,,
,,,,,,,,,,,,,,,,,,,,,,,,,
,,,,,,,,,,,,,,,,,,,,,,,,,
,,,,,,,,,,,,,,,,,,,,,,,,,
,,,,,,,,,,,,,,,,,,,,,,,,,
,,,,,,,,,,,,,,,,,,,,,,,,,
,,,,,,,,,,,,,,,,,,,,,,,,,
,,,,,,,,,,,,,,,,,,,,,,,,,
,,,,,,,,,,,,,,,,,,,,,,,,,
,,,,,,,,,,,,,,,,,,,,,,,,,
,,,,,,,,,,,,,,,,,,,,,,,,,
,,,,,,,,,,,,,,,,,,,,,,,,,
,,,,,,,,,,,,,,,,,,,,,,,,,
,,,,,,,,,,,,,,,,,,,,,,,,,
,,,,,,,,,,,,,,,,,,,,,,,,,
,,,,,,,,,,,,,,,,,,,,,,,,,
,,,,,,,,,,,,,,,,,,,,,,,,,
,,,,,,,,,,,,,,,,,,,,,,,,,
,,,,,,,,,,,,,,,,,,,,,,,,,
,,,,,,,,,,,,,,,,,,,,,,,,,
,,,,,,,,,,,,,,,,,,,,,,,,,
,,,,,,,,,,,,,,,,,,,,,,,,,
,,,,,,,,,,,,,,,,,,,,,,,,,
,,,,,,,,,,,,,,,,,,,,,,,,,
,,,,,,,,,,,,,,,,,,,,,,,,,
,,,,,,,,,,,,,,,,,,,,,,,,,
,,,,,,,,,,,,,,,,,,,,,,,,,
,,,,,,,,,,,,,,,,,,,,,,,,,
,,,,,,,,,,,,,,,,,,,,,,,,,
,,,,,,,,,,,,,,,,,,,,,,,,,
,,,,,,,,,,,,,,,,,,,,,,,,,
,,,,,,,,,,,,,,,,,,,,,,,,,
,,,,,,,,,,,,,,,,,,,,,,,,,
,,,,,,,,,,,,,,,,,,,,,,,,,
,,,,,,,,,,,,,,,,,,,,,,,,,
,,,,,,,,,,,,,,,,,,,,,,,,,
,,,,,,,,,,,,,,,,,,,,,,,,,
,,,,,,,,,,,,,,,,,,,,,,,,,
,,,,,,,,,,,,,,,,,,,,,,,,,
,,,,,,,,,,,,,,,,,,,,,,,,,
,,,,,,,,,,,,,,,,,,,,,,,,,
,,,,,,,,,,,,,,,,,,,,,,,,,
,,,,,,,,,,,,,,,,,,,,,,,,,
,,,,,,,,,,,,,,,,,,,,,,,,,
,,,,,,,,,,,,,,,,,,,,,,,,,
,,,,,,,,,,,,,,,,,,,,,,,,,
,,,,,,,,,,,,,,,,,,,,,,,,,
,,,,,,,,,,,,,,,,,,,,,,,,,
,,,,,,,,,,,,,,,,,,,,,,,,,
,,,,,,,,,,,,,,,,,,,,,,,,,
,,,,,,,,,,,,,,,,,,,,,,,,,
,,,,,,,,,,,,,,,,,,,,,,,,,
,,,,,,,,,,,,,,,,,,,,,,,,,
,,,,,,,,,,,,,,,,,,,,,,,,,
,,,,,,,,,,,,,,,,,,,,,,,,,
,,,,,,,,,,,,,,,,,,,,,,,,,
,,,,,,,,,,,,,,,,,,,,,,,,,
,,,,,,,,,,,,,,,,,,,,,,,,,
,,,,,,,,,,,,,,,,,,,,,,,,,
,,,,,,,,,,,,,,,,,,,,,,,,,
,,,,,,,,,,,,,,,,,,,,,,,,,
,,,,,,,,,,,,,,,,,,,,,,,,,
,,,,,,,,,,,,,,,,,,,,,,,,,
,,,,,,,,,,,,,,,,,,,,,,,,,
,,,,,,,,,,,,,,,,,,,,,,,,,
,,,,,,,,,,,,,,,,,,,,,,,,,
,,,,,,,,,,,,,,,,,,,,,,,,,
,,,,,,,,,,,,,,,,,,,,,,,,,
,,,,,,,,,,,,,,,,,,,,,,,,,
,,,,,,,,,,,,,,,,,,,,,,,,,
,,,,,,,,,,,,,,,,,,,,,,,,,
,,,,,,,,,,,,,,,,,,,,,,,,,
,,,,,,,,,,,,,,,,,,,,,,,,,
,,,,,,,,,,,,,,,,,,,,,,,,,
,,,,,,,,,,,,,,,,,,,,,,,,,
,,,,,,,,,,,,,,,,,,,,,,,,,
,,,,,,,,,,,,,,,,,,,,,,,,,
,,,,,,,,,,,,,,,,,,,,,,,,,
,,,,,,,,,,,,,,,,,,,,,,,,,
,,,,,,,,,,,,,,,,,,,,,,,,,
,,,,,,,,,,,,,,,,,,,,,,,,,
,,,,,,,,,,,,,,,,,,,,,,,,,
,,,,,,,,,,,,,,,,,,,,,,,,,
,,,,,,,,,,,,,,,,,,,,,,,,,
,,,,,,,,,,,,,,,,,,,,,,,,,
,,,,,,,,,,,,,,,,,,,,,,,,,
,,,,,,,,,,,,,,,,,,,,,,,,,
,,,,,,,,,,,,,,,,,,,,,,,,,
,,,,,,,,,,,,,,,,,,,,,,,,,
,,,,,,,,,,,,,,,,,,,,,,,,,
,,,,,,,,,,,,,,,,,,,,,,,,,
,,,,,,,,,,,,,,,,,,,,,,,,,
,,,,,,,,,,,,,,,,,,,,,,,,,
,,,,,,,,,,,,,,,,,,,,,,,,,
,,,,,,,,,,,,,,,,,,,,,,,,,
,,,,,,,,,,,,,,,,,,,,,,,,,
,,,,,,,,,,,,,,,,,,,,,,,,,
,,,,,,,,,,,,,,,,,,,,,,,,,
,,,,,,,,,,,,,,,,,,,,,,,,,
,,,,,,,,,,,,,,,,,,,,,,,,,
,,,,,,,,,,,,,,,,,,,,,,,,,
,,,,,,,,,,,,,,,,,,,,,,,,,
,,,,,,,,,,,,,,,,,,,,,,,,,
,,,,,,,,,,,,,,,,,,,,,,,,,
,,,,,,,,,,,,,,,,,,,,,,,,,
,,,,,,,,,,,,,,,,,,,,,,,,,
,,,,,,,,,,,,,,,,,,,,,,,,,
,,,,,,,,,,,,,,,,,,,,,,,,,
,,,,,,,,,,,,,,,,,,,,,,,,,
,,,,,,,,,,,,,,,,,,,,,,,,,
,,,,,,,,,,,,,,,,,,,,,,,,,
,,,,,,,,,,,,,,,,,,,,,,,,,
,,,,,,,,,,,,,,,,,,,,,,,,,
,,,,,,,,,,,,,,,,,,,,,,,,,
,,,,,,,,,,,,,,,,,,,,,,,,,
,,,,,,,,,,,,,,,,,,,,,,,,,
,,,,,,,,,,,,,,,,,,,,,,,,,
,,,,,,,,,,,,,,,,,,,,,,,,,
,,,,,,,,,,,,,,,,,,,,,,,,,
,,,,,,,,,,,,,,,,,,,,,,,,,
,,,,,,,,,,,,,,,,,,,,,,,,,
,,,,,,,,,,,,,,,,,,,,,,,,,
,,,,,,,,,,,,,,,,,,,,,,,,,
,,,,,,,,,,,,,,,,,,,,,,,,,
,,,,,,,,,,,,,,,,,,,,,,,,,
,,,,,,,,,,,,,,,,,,,,,,,,,
,,,,,,,,,,,,,,,,,,,,,,,,,
,,,,,,,,,,,,,,,,,,,,,,,,,
,,,,,,,,,,,,,,,,,,,,,,,,,
,,,,,,,,,,,,,,,,,,,,,,,,,
,,,,,,,,,,,,,,,,,,,,,,,,,
,,,,,,,,,,,,,,,,,,,,,,,,,
,,,,,,,,,,,,,,,,,,,,,,,,,
,,,,,,,,,,,,,,,,,,,,,,,,,
,,,,,,,,,,,,,,,,,,,,,,,,,
,,,,,,,,,,,,,,,,,,,,,,,,,
,,,,,,,,,,,,,,,,,,,,,,,,,
,,,,,,,,,,,,,,,,,,,,,,,,,
,,,,,,,,,,,,,,,,,,,,,,,,,
,,,,,,,,,,,,,,,,,,,,,,,,,
,,,,,,,,,,,,,,,,,,,,,,,,,
,,,,,,,,,,,,,,,,,,,,,,,,,
,,,,,,,,,,,,,,,,,,,,,,,,,
,,,,,,,,,,,,,,,,,,,,,,,,,
,,,,,,,,,,,,,,,,,,,,,,,,,
,,,,,,,,,,,,,,,,,,,,,,,,,
,,,,,,,,,,,,,,,,,,,,,,,,,
,,,,,,,,,,,,,,,,,,,,,,,,,
,,,,,,,,,,,,,,,,,,,,,,,,,
,,,,,,,,,,,,,,,,,,,,,,,,,
,,,,,,,,,,,,,,,,,,,,,,,,,
